sample_id,herbarium_code,herbarium,year,state,habitat,decimalLatitude,decimalLongitude,sex,accession,barcode,fulldate,day,month,source,coordinateUncertaintyInMeters,ppt,ppt_std,tmin,tmin_std,tmax,tmax_std,tmean,tmean_std,tdmean,tdmean_std,vpdmin,vpdmin_std,vpdmax,vpdmax_std,prism_n_cells,prism_method
1,ANHC,Arkansas Herbarium ,2015.0,,,33.41225,-93.76131,F,,ANHC012127,9/27/15,,9.0,2026_dataset,1.1132000000000002,2.767000198364258,,17.150001525878906,,33.11000061035156,,25.130001068115234,,17.46299934387207,,0.781000018119812,,32.547000885009766,,1.0,point
2,ANHC,Arkansas Herbarium ,2005.0,,,34.55173,-92.70116,M,,ANHC000312,8/17/05,,8.0,2026_dataset,1.1132000000000002,51.99322509765625,,21.750001907348633,,35.130001068115234,,28.440000534057617,,21.187999725341797,,1.6799999475479126,,33.770999908447266,,1.0,point
3,ANHC,Arkansas Herbarium ,2013.0,,,34.66707,-93.04059,M,,ANHC013041,10/14/13,,10.0,2026_dataset,1.1132000000000002,113.48670196533203,,11.09000015258789,,22.14000129699707,,16.6200008392334,,12.628999710083008,,0.5410000085830688,,11.717000007629395,,1.0,point
4,ANHC,Arkansas Herbarium ,2012.0,,,35.32961,-90.22644,M,,ANHC009338,9/19/12,,9.0,2026_dataset,1.1132000000000002,109.9144515991211,,17.34000015258789,,29.240001678466797,,23.290000915527344,,16.506000518798828,,1.784999966621399,,22.700000762939453,,1.0,point
5,ANHC,Arkansas Herbarium ,2004.0,,,35.90177,-89.75836,M,,ANHC010423,9/6/04,,9.0,2026_dataset,1.1132000000000002,10.758000373840332,,15.840001106262207,,29.07000160217285,,22.520000457763672,,15.425000190734863,,1.7330000400543213,,22.59000015258789,,1.0,point
6,BRIT,Northeast louisiana university,1969.0,,,30.33714,-90.032852,M,,BRIT555094,10/17/69,,10.0,2026_dataset,1.1132000000000002,47.505001068115234,,16.1200008392334,,26.930002212524414,,21.530000686645508,,16.259000778198242,,1.0110000371932983,,16.871999740600586,,1.0,point
7,BRIT,Botanical Research Institute of Texas,1965.0,,,31.704355,-98.98378,F,,BRIT336491,10/19/65,,10.0,2026_dataset,0.9470784623751494,91.31800079345703,,10.890000343322754,,24.73000144958496,,17.810001373291016,,9.79699993133545,,1.4919999837875366,,19.30900001525879,,1.0,point
8,BRIT,Botanical Research Institute of Texas,1953.0,,,31.977658,-97.895259,M,,BRIT336485,8/31/53,,8.0,2026_dataset,0.1113199999999999,57.81700134277344,,21.020000457763672,,35.040000915527344,,28.030000686645508,,18.56599998474121,,3.359999895095825,,37.73099899291992,,1.0,point
9,BRIT,Botanical Research Institute of Texas,1988.0,,,32.635188,-96.598966,M,,BRIT336478,7/19/88,,7.0,2026_dataset,0.1113199999999999,85.18299865722656,,22.260000228881836,,35.21000289916992,,28.740001678466797,,20.47599983215332,,2.1700000762939453,,34.28200149536133,,1.0,point
10,BRIT,Northeast louisiana university,1998.0,,,32.731231,-97.359353,F,,BRIT555076,10/25/98,,10.0,2026_dataset,0.1113199999999999,133.04600524902344,,16.490001678466797,,26.520000457763672,,21.510000228881836,,15.404999732971191,,1.680999994277954,,17.360000610351562,,1.0,point
11,BRIT,Botanical Research Institute of Texas,1970.0,,,32.771511,-97.024777,F,,BRIT338431,10/20/73,,10.0,2026_dataset,0.1113199999999999,77.43099975585938,,12.720000267028809,,23.360000610351562,,18.040000915527344,,12.12399959564209,,1.2369999885559082,,14.704999923706055,,1.0,point
12,BRIT,Botanical Research Institute of Texas,2013.0,,,32.78498,-97.13242,F,,BRIT556420,11/1/13,,11.0,2026_dataset,1.1132000000000002,58.11853790283203,,6.760000228881836,,16.900001525878906,,11.830000877380371,,4.525000095367432,,2.2679998874664307,,11.829000473022461,,1.0,point
13,BRIT,Botanical Research Institute of Texas,2013.0,,,32.78615,-97.12836,M,,BRIT556418,11/4/13,,11.0,2026_dataset,1.1132000000000002,58.060546875,,6.760000228881836,,16.89000129699707,,11.830000877380371,,4.5229997634887695,,2.2669999599456787,,11.8149995803833,,1.0,point
14,BRIT,Botanical Research Institute of Texas,2013.0,,,32.78713,-97.1285,F,,BRIT556419,11/4/13,,11.0,2026_dataset,9.35854174244765,58.060546875,,6.760000228881836,,16.89000129699707,,11.830000877380371,,4.5229997634887695,,2.2669999599456787,,11.8149995803833,,1.0,point
15,BRIT,Northeast louisiana university,2003.0,,,32.8077,-97.248721,M,,BRIT555045,7/4/03,,7.0,2026_dataset,11.132,34.602718353271484,,24.970001220703125,,35.5,,30.250001907348633,,20.773000717163086,,5.618000030517578,,34.94599914550781,,1.0,point
16,BRIT,Northeast louisiana university,2006.0,,,32.839467,-97.312598,M,,BRIT694814,10/12/06,,10.0,2026_dataset,0.1113199999999999,67.08558654785156,,13.300000190734863,,26.32000160217285,,19.810001373291016,,10.637999534606934,,2.868000030517578,,22.28499984741211,,1.0,point
17,BRIT,Botanical Research Institute of Texas,1977.0,,,32.841213,-98.026217,M,,BRIT336465,9/25/77,,9.0,2026_dataset,0.1113199999999999,8.218000411987305,,20.64000129699707,,35.86000061035156,,28.250001907348633,,17.93199920654297,,3.878000020980835,,40.242000579833984,,1.0,point
18,BRIT,Botanical Research Institute of Texas,2003.0,,,33.023,-97.4419,M,11042,,8/15/03,,8.0,2026_dataset,111.32,77.15219116210938,,22.880001068115234,,35.78000259399414,,29.330001831054688,,19.094999313354492,,4.577000141143799,,39.28499984741211,,1.0,point
19,BRIT,Botanical Research Institute of Texas,1988.0,,,33.104334,-96.476674,M,,BRIT336481,10/9/88,,10.0,2026_dataset,0.1113199999999999,48.12200164794922,,10.920000076293945,,24.470001220703125,,17.700000762939453,,11.411999702453613,,0.5680000185966492,,17.20599937438965,,1.0,point
20,BRIT,Botanical Research Institute of Texas,1988.0,,,33.104367,-96.476964,F,,BRIT336499,9/24/88,,9.0,2026_dataset,0.1113199999999999,124.79100036621094,,18.450000762939453,,31.880001068115234,,25.170001983642578,,17.33099937438965,,1.8869999647140503,,28.069000244140625,,1.0,point
21,BRIT,Northeast louisiana university,1989.0,,,33.149242,-92.112422,F,,BRIT555033,10/22/89,,10.0,2026_dataset,0.1113199999999999,34.07500076293945,,8.970000267028809,,25.740001678466797,,17.450000762939453,,11.503000259399414,,0.10499999672174454,,20.420000076293945,,1.0,point
22,BRIT,Northeast louisiana university,1991.0,,,33.3921,-88.7111,M,,BRIT555083,10/12/91,,10.0,2026_dataset,11.132,27.42300033569336,,10.550000190734863,,25.05000114440918,,17.80000114440918,,11.399999618530273,,0.4860000014305115,,18.177000045776367,,1.0,point
23,BRIT,Northeast louisiana university,1991.0,,,33.3921,-88.7111,M,,BRIT555083,10/12/91,,10.0,2026_dataset,11.132,27.42300033569336,,10.550000190734863,,25.05000114440918,,17.80000114440918,,11.399999618530273,,0.4860000014305115,,18.177000045776367,,1.0,point
24,BRIT,Botanical Research Institute of Texas,2002.0,,,33.396245,-97.748262,M,4323,,9/7/02,,9.0,2026_dataset,0.1113199999999999,87.18244171142578,,17.43000030517578,,31.48000144958496,,24.450000762939453,,16.469999313354492,,1.628000020980835,,28.780000686645508,,1.0,point
25,BRIT,Botanical Research Institute of Texas,2003.0,,,33.3968,-97.749,M,13215,,9/5/03,,9.0,2026_dataset,92.93868648735254,116.39088439941406,,16.260000228881836,,28.180002212524414,,22.23000144958496,,14.954000473022461,,1.8559999465942383,,22.18199920654297,,1.0,point
26,BRIT,Northeast louisiana university,2011.0,,,44.9235,-96.41503,M,,BRIT323250,8/8/11,,8.0,2026_dataset,11.132,29.81967544555664,,14.770000457763672,,27.670001983642578,,21.220001220703125,,16.35099983215332,,0.7459999918937683,,18.979999542236328,,1.0,point
27,BRIT,Botanical Research Institute of Texas,1990.0,,,33.721723,-96.779819,F,,BRIT336455,9/23/90,,9.0,2026_dataset,0.1113199999999999,76.74800109863281,,19.490001678466797,,32.03000259399414,,25.750001907348633,,18.25200080871582,,2.068000078201294,,28.139999389648438,,1.0,point
28,BRIT,Botanical Research Institute of Texas,1993.0,,,33.65,-96.583333,F,,BRIT336457,9/24/93,,9.0,2026_dataset,1113.2,111.8449935913086,0.22013035416603088,16.9840030670166,0.06590911000967026,29.516000747680664,0.05351606383919716,23.25400161743164,0.02799984999001026,15.987600326538086,0.0004896288737654686,2.143400192260742,0.054891180247068405,23.1205997467041,0.14132609963417053,5.0,area
29,EIU,Stover-Ebinger Herbarium Eastern Illinois University,2005.0,,,38.9209,-88.1523,F,,EIU020068,9/9/05,,9.0,2026_dataset,11.132,92.68317413330078,,15.000000953674316,,29.96000099182129,,22.48000144958496,,16.35300064086914,,0.5830000042915344,,25.85300064086914,,1.0,point
30,BRIT,Botanical Research Institute of Texas,2002.0,,,33.416124,-97.783086,M,,BRIT336474,9/7/02,,9.0,2026_dataset,0.1113199999999999,91.55490112304688,,17.34000015258789,,31.490001678466797,,24.410001754760742,,16.464000701904297,,1.6050000190734863,,28.77899932861328,,1.0,point
31,BRIT,Botanical Research Institute of Texas,1950.0,,,33.817267,-98.078316,F,,BRIT336497,10/1/50,,10.0,2026_dataset,0.1113199999999999,2.7750000953674316,,12.49000072479248,,30.240001678466797,,21.3700008392334,,11.196000099182129,,2.0759999752044678,,29.757999420166016,,1.0,point
32,BRIT,Botanical Research Institute of Texas,1950.0,,,33.817267,-98.078316,M,,BRIT336498,10/1/50,,10.0,2026_dataset,0.1113199999999999,2.7750000953674316,,12.49000072479248,,30.240001678466797,,21.3700008392334,,11.196000099182129,,2.0759999752044678,,29.757999420166016,,1.0,point
33,BRIT,Botanical Research Institute of Texas,2004.0,,,33.400528,-96.7625,M,,BRIT336500,7/21/04,,7.0,2026_dataset,9.293469942305638,94.31500244140625,,21.350000381469727,,32.720001220703125,,27.21000099182129,,20.542999267578125,,1.9609999656677246,,27.10700035095215,,1.0,point
34,BRIT,Botanical Research Institute of Texas,2006.0,,,33.4094,-97.6615,F,,BRIT35038,11/12/06,,11.0,2026_dataset,11.132,63.531036376953125,,5.380000114440918,,19.48000144958496,,12.430000305175781,,5.46999979019165,,0.8370000123977661,,13.394000053405762,,1.0,point
35,BRIT,Botanical Research Institute of Texas,2007.0,,,33.951687,-94.705293,M,,BRIT523928,9/25/07,,9.0,2026_dataset,0.1113199999999999,181.94935607910156,,17.34000015258789,,29.860000610351562,,23.600000381469727,,18.9950008392334,,0.4580000042915344,,20.18199920654297,,1.0,point
36,BRIT,Northeast louisiana university,1985.0,,,37.883716,-89.86122,F,,BRIT555043,10/6/85,,10.0,2026_dataset,0.8786027164904285,103.7760009765625,,9.230000495910645,,22.770000457763672,,16.0,,10.041000366210938,,0.734000027179718,,14.432999610900879,,1.0,point
37,BRIT,Northeast louisiana university,1990.0,,,33.946514,-94.574168,M,,BRIT555112,8/24/90,,8.0,2026_dataset,0.1113199999999999,20.13599967956543,,19.770000457763672,,34.310001373291016,,27.040000915527344,,20.200000762939453,,0.5139999985694885,,31.986000061035156,,1.0,point
38,BRIT,Botanical Research Institute of Texas,2011.0,,,33.7912,-94.9411,M,,BRIT58218,8/31/11,,8.0,2026_dataset,11.132,47.04910659790039,,23.240001678466797,,39.43000030517578,,31.340002059936523,,18.86199951171875,,4.414999961853027,,53.53900146484375,,1.0,point
39,BRIT,Botanical Research Institute of Texas,2011.0,,,33.7987,-94.9226,M,,BRIT58229,7/22/11,,7.0,2026_dataset,11.132,11.466769218444824,,23.18000030517578,,38.09000015258789,,30.64000129699707,,20.506000518798828,,3.0450000762939453,,45.81700134277344,,1.0,point
40,CHSC,Chico State Herbarium ,1999.0,,,39.619167,-121.979444,M,,CHSC076264,9/21/99,,9.0,2026_dataset,0.1113199999999999,0.0,,13.890000343322754,,32.10000228881836,,23.000001907348633,,10.588000297546387,,3.755000114440918,,34.4630012512207,,1.0,point
41,CHSC,Chico State Herbarium ,1999.0,,,39.619167,-121.979444,F,,CHSC076410,10/28/99,,10.0,2026_dataset,0.1113199999999999,10.369258880615234,,9.640000343322754,,27.910001754760742,,18.780000686645508,,5.949999809265137,,3.4679999351501465,,28.393999099731445,,1.0,point
42,CHSC,Chico State Herbarium ,2003.0,,,39.720556,-121.949444,F,,CHSC085142,10/8/03,,10.0,2026_dataset,0.1113199999999999,2.7973999977111816,,10.540000915527344,,29.170001983642578,,19.850000381469727,,6.09499979019165,,3.1480000019073486,,30.996000289916992,,1.0,point
43,CHSC,Chico State Herbarium ,2011.0,,,44.8945,-98.27808,M,,CHSC122152,8/11/11,,8.0,2026_dataset,11.132,72.09481811523438,,14.970000267028809,,28.240001678466797,,21.610000610351562,,16.52899932861328,,0.6930000185966492,,19.986000061035156,,1.0,point
44,CHSC,Chico State Herbarium ,1993.0,,,39.728056,-121.942222,M,,CSHC061022,,,7.0,2026_dataset,0.1113199999999999,0.0,,16.030000686645508,,33.11000061035156,,24.57000160217285,,12.567999839782715,,5.045000076293945,,34.119998931884766,,1.0,point
45,EIU,Stover-Ebinger Herbarium Eastern Illinois University,2006.0,,,38.748,-88.8576,M,,EIU010232,,,10.0,2026_dataset,111.32,108.4892349243164,,4.960000038146973,,17.32000160217285,,11.140000343322754,,5.589000225067139,,0.6259999871253967,,11.65999984741211,,1.0,point
46,EIU,Stover-Ebinger Herbarium Eastern Illinois University,2002.0,,,39.496024,-88.312373,F,,EIU019090,9/26/02,,9.0,2026_dataset,0.1113199999999999,45.75115966796875,,14.450000762939453,,28.48000144958496,,21.470001220703125,,15.402000427246094,,0.5529999732971191,,22.28700065612793,,1.0,point
47,EIU,Stover-Ebinger Herbarium Eastern Illinois University,2009.0,,,40.65987,-89.1265,F,,EIU020066,8/13/09,,8.0,2026_dataset,8.444633679909611,104.28712463378906,,15.370000839233398,,26.850000381469727,,21.110000610351562,,17.065000534057617,,0.5759999752044678,,15.939000129699707,,1.0,point
48,EIU,Stover-Ebinger Herbarium Eastern Illinois University,2005.0,,,38.9209,-88.1523,M,,EIU020067,9/9/05,,9.0,2026_dataset,11.132,92.68317413330078,,15.000000953674316,,29.96000099182129,,22.48000144958496,,16.35300064086914,,0.5830000042915344,,25.85300064086914,,1.0,point
49,EIU,Stover-Ebinger Herbarium Eastern Illinois University,1991.0,,,38.377117,-88.433394,M,,EIU020071,8/20/91,,8.0,2026_dataset,0.1113199999999999,48.68199920654297,,18.100000381469727,,32.31999969482422,,25.21000099182129,,18.207000732421875,,1.3650000095367432,,29.143999099731445,,1.0,point
50,EIU,Stover-Ebinger Herbarium Eastern Illinois University,1996.0,,,38.916667,-88.2,M,,EIU020395,,,8.0,2026_dataset,8661.36887261678,29.85951805114746,3.5729923248291016,18.32715606689453,0.07297581434249878,30.19183349609375,0.11184626817703247,24.261972427368164,0.04941409081220627,18.64006805419922,0.04404762014746666,1.1409211158752441,0.05039835348725319,21.736894607543945,0.3466285169124603,355.0,area
51,EIU,Stover-Ebinger Herbarium Eastern Illinois University,2005.0,,,38.907635,-88.17496,F,,EIU020425,9/23/05,,9.0,2026_dataset,0.8662471129219161,92.06425476074219,,14.770000457763672,,29.910001754760742,,22.34000015258789,,16.198999404907227,,0.5260000228881836,,25.937999725341797,,1.0,point
52,EIU,Stover-Ebinger Herbarium Eastern Illinois University,1998.0,,,39.396389,-88.155902,F,,EIU020427,10/20/98,,10.0,2026_dataset,0.1113199999999999,92.59100341796875,,8.100000381469727,,21.350000381469727,,14.730000495910645,,9.190999984741211,,0.7480000257492065,,13.166999816894531,,1.0,point
53,EIU,Stover-Ebinger Herbarium Eastern Illinois University,1996.0,,,42.45,-90.5833,M,,EIU039400,9/10/96,,9.0,2026_dataset,1113.2,47.8734016418457,0.16722139716148376,11.118000984191895,0.2836475968360901,22.654001235961914,0.047999653965234756,16.88800048828125,0.12056561559438705,11.375200271606445,0.05965046584606171,0.8501999974250793,0.10126283019781113,14.63860034942627,0.1342441737651825,5.0,area
54,LSU,LSU Shirley C Tucker Herbarium,2000.0,,,29.769,-93.46,,96483,LSU00031897,9/16/00,,9.0,2026_dataset,966.2956882844436,68.83875274658203,0.22594255208969116,21.290000915527344,0.0651916116476059,31.047502517700195,0.07361219078302383,26.170001983642578,0.06363949179649353,20.33300018310547,0.07564728707075119,2.2174997329711914,0.1623275727033615,22.288249969482422,0.3031393885612488,4.0,area
55,LSU,LSU Shirley C Tucker Herbarium,2008.0,,,30.414625,-91.176222,,138157,LSU00119981,10/29/08,,10.0,2026_dataset,0.1113199999999999,10.253046035766602,,12.360000610351562,,26.520000457763672,,19.440000534057617,,13.581999778747559,,0.8450000286102295,,19.30900001525879,,1.0,point
56,LSU,LSU Shirley C Tucker Herbarium,2005.0,,,29.7986,-90.1681,,131168,LSU00124532,3/22/05,,3.0,2026_dataset,11.132,141.25709533691406,,10.970000267028809,,21.43000030517578,,16.200000762939453,,10.223999977111816,,1.1410000324249268,,13.675000190734863,,1.0,point
57,LSU,LSU Shirley C Tucker Herbarium,2005.0,,,29.7986,-90.1681,,131193,LSU00124539,3/22/05,,3.0,2026_dataset,11.132,141.25709533691406,,10.970000267028809,,21.43000030517578,,16.200000762939453,,10.223999977111816,,1.1410000324249268,,13.675000190734863,,1.0,point
58,LSU,LSU Shirley C Tucker Herbarium,2006.0,,,29.8056,-90.1192,,132393,LSU00125139,9/26/06,,9.0,2026_dataset,11.132,77.75038146972656,,21.160001754760742,,30.630001068115234,,25.900001525878906,,19.777999877929688,,2.328000068664551,,21.51099967956543,,1.0,point
59,LSU,LSU Shirley C Tucker Herbarium,2010.0,,,29.152778,-89.210833,,180352,LSU00129037,7/30/10,,7.0,2026_dataset,0.1113199999999999,250.96746826171875,,26.060001373291016,,31.64000129699707,,28.85000228881836,,24.090999603271484,,4.900000095367432,,17.68000030517578,,1.0,point
60,LSU,LSU Shirley C Tucker Herbarium,2012.0,,,32.919669,-93.808936,,183355,LSU00133904,8/16/12,,8.0,2026_dataset,0.1113199999999999,39.52934646606445,,21.720001220703125,,34.62000274658203,,28.170001983642578,,20.016000747680664,,2.371999979019165,,34.15700149536133,,1.0,point
61,LSU,LSU Shirley C Tucker Herbarium,2011.0,,,32.646504,-91.831657,,181984,LSU00133944,5/12/11,,5.0,2026_dataset,0.1113199999999999,30.668779373168945,,16.43000030517578,,28.990001678466797,,22.71000099182129,,16.37299919128418,,1.3630000352859497,,22.48200035095215,,1.0,point
62,MICH,University of Michigan Herbarium ,2002.0,,,42.82299,-81.85818,,1004931,1004931,8/26/02,,8.0,2026_dataset,1.1132000000000002,,,,,,,,,,,,,,,0.0,
63,MICH,University of Michigan Herbarium ,2020.0,,,42.30195,-83.73231,,1052412,1052412,9/8/20,,9.0,2026_dataset,1.1132000000000002,49.38900375366211,,9.779999732971191,,23.39000129699707,,16.579999923706055,,11.168999671936035,,0.531000018119812,,15.407999992370605,,1.0,point
64,MICH,University of Michigan Herbarium ,2020.0,,,42.30195,-83.73231,,1052413,1052413,8/23/20,,8.0,2026_dataset,1.1132000000000002,107.64300537109375,,14.579999923706055,,28.530000686645508,,21.560001373291016,,15.467000007629395,,0.8029999732971191,,21.649999618530273,,1.0,point
65,MICH,University of Michigan Herbarium ,1989.0,,,43.00518,-85.54195,,1209682,1209682,8/21/89,,8.0,2026_dataset,1.1132000000000002,112.42500305175781,,13.90000057220459,,26.270000457763672,,20.080001831054688,,15.621000289916992,,0.30300000309944153,,15.972000122070312,,1.0,point
66,MICH,University of Michigan Herbarium ,1984.0,,,41.971105,-83.936005,,1209683,1209683,9/20/84,,9.0,2026_dataset,0.1113199999999999,102.43099975585938,,9.039000511169434,,22.220001220703125,,15.630001068115234,,11.347999572753906,,0.0,,12.838000297546387,,1.0,point
67,MICH,University of Michigan Herbarium ,1984.0,,,41.971105,-83.936005,,1209684,1209684,9/20/84,,9.0,2026_dataset,0.1113199999999999,102.43099975585938,,9.039000511169434,,22.220001220703125,,15.630001068115234,,11.347999572753906,,0.0,,12.838000297546387,,1.0,point
68,MICH,University of Michigan Herbarium ,1997.0,,,41.85145,-83.77421,,1209685,1209685,8/10/97,,8.0,2026_dataset,1.1132000000000002,122.4520034790039,,13.800000190734863,,24.440000534057617,,19.1200008392334,,14.800999641418457,,0.6439999938011169,,13.967000007629395,,1.0,point
69,MICH,University of Michigan Herbarium ,1997.0,,,41.85145,-83.77421,,1209686,1209686,9/25/97,,9.0,2026_dataset,1.1132000000000002,95.86499786376953,,10.320000648498535,,22.73000144958496,,16.530000686645508,,12.32699966430664,,0.3230000138282776,,13.116999626159668,,1.0,point
70,MICH,University of Michigan Herbarium ,2001.0,,,41.764642,-84.255526,,1209687,1209687,9/16/01,,9.0,2026_dataset,0.1113199999999999,96.0469970703125,,8.970000267028809,,22.690000534057617,,15.830000877380371,,11.229999542236328,,0.17100000381469727,,14.63599967956543,,1.0,point
71,MICH,University of Michigan Herbarium ,1980.0,,,42.07265,-83.49955,,1209691,1209691,9/12/80,,9.0,2026_dataset,1.1132000000000002,85.57499694824219,,10.830000877380371,,23.810001373291016,,17.32000160217285,,12.789999961853027,,0.4259999990463257,,13.687999725341797,,1.0,point
72,MICH,University of Michigan Herbarium ,1959.0,,,41.93166,-83.45129,,1209692,1209692,8/9/59,,8.0,2026_dataset,1.1132000000000002,108.125,,18.82000160217285,,29.830001831054688,,24.330001831054688,,18.988000869750977,,1.2630000114440918,,20.283000946044922,,1.0,point
73,MICH,University of Michigan Herbarium ,1961.0,,,41.763426,-83.455163,,1209695,1209695,10/11/61,,10.0,2026_dataset,0.1113199999999999,34.26499938964844,,7.890000343322754,,19.030000686645508,,13.460000991821289,,8.04699993133545,,1.1200000047683716,,11.012999534606934,,1.0,point
74,MICH,University of Michigan Herbarium ,1984.0,,,43.092985,-84.177454,,1209701,1209701,8/28/84,,8.0,2026_dataset,0.1113199999999999,73.6240005493164,,15.210000991821289,,29.110000610351562,,22.160001754760742,,16.78700065612793,,0.39399999380111694,,20.555999755859375,,1.0,point
75,MICH,University of Michigan Herbarium ,1953.0,,,42.04476,-85.52121,,1209705,1209705,7/30/53,,7.0,2026_dataset,1.1132000000000002,76.72699737548828,,16.05900001525879,,30.580001831054688,,23.32000160217285,,15.503999710083008,,1.5479999780654907,,26.415000915527344,,1.0,point
76,MICH,University of Michigan Herbarium ,2018.0,,,42.57777,-85.96769,,1460281,1460281,8/3/18,,8.0,2026_dataset,1.1132000000000002,173.76100158691406,,14.970000267028809,,27.76000213623047,,21.3700008392334,,17.222999572753906,,0.0,,18.20400047302246,,1.0,point
77,MICH,University of Michigan Herbarium ,2018.0,,,42.58689,-85.97675,,1460282,1460282,8/8/18,,8.0,2026_dataset,1.1132000000000002,171.91700744628906,,15.090001106262207,,27.73000144958496,,21.410001754760742,,17.219999313354492,,0.0,,18.117000579833984,,1.0,point
78,MICH,University of Michigan Herbarium ,1961.0,,,41.794155,-83.438086,,1476714,1476714,10/11/61,,10.0,2026_dataset,0.1113199999999999,35.220001220703125,,7.810000419616699,,19.23000144958496,,13.520000457763672,,8.034000396728516,,1.1089999675750732,,11.307000160217285,,1.0,point
79,MICH,University of Michigan Herbarium ,2012.0,,,41.914022,-84.312883,,1483481,1483481,8/18/12,,8.0,2026_dataset,0.1113199999999999,97.93148803710938,,14.020000457763672,,27.770000457763672,,20.900001525878906,,14.170999526977539,,0.8429999947547913,,22.924999237060547,,1.0,point
80,MICH,University of Michigan Herbarium ,2017.0,,,42.55053,-86.13204,,1558624,1558624,7/2/17,,7.0,2026_dataset,1.1132000000000002,56.16299819946289,,16.360000610351562,,26.400001525878906,,21.380001068115234,,16.49799919128418,,1.090000033378601,,15.63700008392334,,1.0,point
81,MICH,University of Michigan Herbarium ,2017.0,,,42.594278,-85.983333,,1559529,1559529,9/26/17,,9.0,2026_dataset,0.1113199999999999,19.017000198364258,,9.5600004196167,,24.860000610351562,,17.21000099182129,,12.008000373840332,,0.0,,18.801000595092773,,1.0,point
82,MIN,Bell Museum Minnesota ,1992.0,,,44.612221,-95.156387,,519590,,7/20/92,,7.0,2026_dataset,0.1113199999999999,74.30699920654297,,12.670001029968262,,23.82000160217285,,18.25,,13.994000434875488,,0.4059999883174896,,13.048999786376953,,1.0,point
83,MICH,University of Michigan Herbarium ,2021.0,,,42.54933,-86.13008,,1686678,1686678,9/28/21,,9.0,2026_dataset,1.1132000000000002,38.28799819946289,,12.118000030517578,,24.62299919128418,,18.371000289916992,,13.531000137329102,,1.00600004196167,,15.545999526977539,,1.0,point
84,MICH,University of Michigan Herbarium ,2021.0,,,42.54933,-86.13008,,1686804,1686804,9/27/21,,9.0,2026_dataset,1.1132000000000002,38.28799819946289,,12.118000030517578,,24.62299919128418,,18.371000289916992,,13.531000137329102,,1.00600004196167,,15.545999526977539,,1.0,point
85,MIN,Bell Museum Minnesota ,2020.0,,,43.3075,-90.334167,,971240,,8/13/20,,8.0,2026_dataset,11.132,37.577003479003906,,13.699999809265137,,28.23000144958496,,20.970001220703125,,15.906999588012695,,0.22300000488758087,,20.332000732421875,,1.0,point
86,MIN,Bell Museum Minnesota ,1991.0,,,43.637724,-92.219269,,833563,,8/29/91,,8.0,2026_dataset,0.1113199999999999,89.41600036621094,,14.440000534057617,,26.64000129699707,,20.540000915527344,,16.174999237060547,,0.5640000104904175,,16.395999908447266,,1.0,point
87,MIN,Bell Museum Minnesota ,2015.0,,,43.767166,-91.652744,,980920,,10/9/15,,10.0,2026_dataset,0.1113199999999999,44.81700134277344,,4.210000038146973,,17.6200008392334,,10.920000076293945,,4.372000217437744,,0.8090000152587891,,12.505000114440918,,1.0,point
88,MIN,Bell Museum Minnesota ,2015.0,,,43.767166,-91.652744,,981027,,10/9/15,,10.0,2026_dataset,0.1113199999999999,44.81700134277344,,4.210000038146973,,17.6200008392334,,10.920000076293945,,4.372000217437744,,0.8090000152587891,,12.505000114440918,,1.0,point
89,MIN,Bell Museum Minnesota ,1998.0,,,43.899068,-93.195935,,499057,,7/29/98,,7.0,2026_dataset,0.1113199999999999,83.3030014038086,,16.010000228881836,,27.220001220703125,,21.6200008392334,,17.959999084472656,,0.21799999475479126,,15.597999572753906,,1.0,point
90,MIN,Bell Museum Minnesota ,2015.0,,,44.260532,-92.403777,,980922,,10/8/15,,10.0,2026_dataset,0.1113199999999999,44.194000244140625,,3.120000123977661,,16.200000762939453,,9.660000801086426,,3.999000072479248,,0.4740000069141388,,11.03499984741211,,1.0,point
91,MIN,Bell Museum Minnesota ,2015.0,,,44.260532,-92.403777,,980923,,10/8/15,,10.0,2026_dataset,0.1113199999999999,44.194000244140625,,3.120000123977661,,16.200000762939453,,9.660000801086426,,3.999000072479248,,0.4740000069141388,,11.03499984741211,,1.0,point
92,MIN,Bell Museum Minnesota ,1997.0,,,44.286852,-94.423968,,477002,,8/30/97,,8.0,2026_dataset,0.1113199999999999,81.2300033569336,,15.660000801086426,,25.240001678466797,,20.450000762939453,,17.222999572753906,,0.46700000762939453,,11.531000137329102,,1.0,point
93,MIN,Bell Museum Minnesota ,2015.0,,,44.307557,-92.138905,,981014,,10/8/15,,10.0,2026_dataset,0.1113199999999999,50.630001068115234,,3.2200002670288086,,16.670000076293945,,9.950000762939453,,4.196000099182129,,0.492000013589859,,11.607000350952148,,1.0,point
94,MIN,Bell Museum Minnesota ,2015.0,,,44.307557,-92.138905,,981013,,10/8/15,,10.0,2026_dataset,0.1113199999999999,50.630001068115234,,3.2200002670288086,,16.670000076293945,,9.950000762939453,,4.196000099182129,,0.492000013589859,,11.607000350952148,,1.0,point
95,MIN,Bell Museum Minnesota ,1998.0,,,44.519822,-92.319123,,499479,,9/2/98,,9.0,2026_dataset,0.1113199999999999,48.8120002746582,,12.010000228881836,,26.380001068115234,,19.200000762939453,,13.119999885559082,,0.6460000276565552,,21.065000534057617,,1.0,point
96,MIN,Bell Museum Minnesota ,1995.0,,,44.579109,-92.662048,,467238,,9/4/95,,9.0,2026_dataset,0.1113199999999999,49.823001861572266,,8.870000839233398,,21.080001831054688,,14.980000495910645,,9.916000366210938,,0.5830000042915344,,13.204999923706055,,1.0,point
97,MIN,Bell Museum Minnesota ,1992.0,,,44.612221,-95.156387,,475948,,7/20/92,,7.0,2026_dataset,0.1113199999999999,74.30699920654297,,12.670001029968262,,23.82000160217285,,18.25,,13.994000434875488,,0.4059999883174896,,13.048999786376953,,1.0,point
98,MIN,Bell Museum Minnesota ,1994.0,,,44.714046,-92.769353,,973720,,7/25/94,,7.0,2026_dataset,0.1113199999999999,93.5530014038086,,15.080000877380371,,25.740001678466797,,20.410001754760742,,14.89900016784668,,2.0859999656677246,,15.442000389099121,,1.0,point
99,MIN,Bell Museum Minnesota ,1995.0,,,44.735558,-95.43358,,441181,,8/29/95,,8.0,2026_dataset,0.7907758771191294,70.35800170898438,,16.64000129699707,,28.01000213623047,,22.330001831054688,,19.02199935913086,,0.0,,14.22700023651123,,1.0,point
100,MIN,Bell Museum Minnesota ,1997.0,,,44.764995,-95.497564,,510766,,9/24/97,,9.0,2026_dataset,0.1113199999999999,47.6870002746582,,10.260000228881836,,24.000001907348633,,17.130001068115234,,12.057999610900879,,0.5550000071525574,,15.395000457763672,,1.0,point
101,MIN,Bell Museum Minnesota ,2009.0,,,44.898874,-93.158011,,910695,,6/13/09,,6.0,2026_dataset,0.1113199999999999,70.38339233398438,,14.770000457763672,,24.48000144958496,,19.630001068115234,,11.133000373840332,,3.0160000324249268,,19.503000259399414,,1.0,point
102,MIN,Bell Museum Minnesota ,2015.0,,,45.430313,-94.050317,,981028,,9/24/15,,9.0,2026_dataset,0.1113199999999999,46.37600326538086,,12.880001068115234,,24.510000228881836,,18.700000762939453,,14.11400032043457,,0.8149999976158142,,14.277000427246094,,1.0,point
103,MIN,Bell Museum Minnesota ,2015.0,,,45.430313,-94.050317,,981016,,9/24/15,,9.0,2026_dataset,0.1113199999999999,46.37600326538086,,12.880001068115234,,24.510000228881836,,18.700000762939453,,14.11400032043457,,0.8149999976158142,,14.277000427246094,,1.0,point
104,MIN,Bell Museum Minnesota ,2015.0,,,45.533925,-94.153948,,981015,,9/29/15,,9.0,2026_dataset,0.1113199999999999,42.191001892089844,,12.390000343322754,,24.410001754760742,,18.400001525878906,,13.571000099182129,,0.7850000262260437,,14.638999938964844,,1.0,point
105,MIN,Bell Museum Minnesota ,2015.0,,,45.533925,-94.153948,,981030,,9/29/15,,9.0,2026_dataset,0.1113199999999999,42.191001892089844,,12.390000343322754,,24.410001754760742,,18.400001525878906,,13.571000099182129,,0.7850000262260437,,14.638999938964844,,1.0,point
106,MIN,Bell Museum Minnesota ,2015.0,,,45.598565,-94.186135,,981018,,9/10/15,,9.0,2026_dataset,0.1113199999999999,35.40299987792969,,12.09000015258789,,24.39000129699707,,18.240001678466797,,13.28499984741211,,0.7950000166893005,,15.003000259399414,,1.0,point
107,MIN,Bell Museum Minnesota ,2015.0,,,46.119716,-94.361628,,981031,,9/28/15,,9.0,2026_dataset,0.1113199999999999,59.15800094604492,,11.630000114440918,,24.1200008392334,,17.880001068115234,,12.855999946594238,,0.9079999923706055,,15.121999740600586,,1.0,point
108,MIN,Bell Museum Minnesota ,2015.0,,,46.438531,-95.626762,,981034,,9/2/15,,9.0,2026_dataset,0.1113199999999999,93.57600402832031,,12.620000839233398,,24.040000915527344,,18.329999923706055,,12.401000022888184,,1.1699999570846558,,15.54699993133545,,1.0,point
109,MIN,Bell Museum Minnesota ,2021.0,,,46.72,-94.12,,966667,,8/23/21,,8.0,2026_dataset,1113.2,115.13843536376953,1.9288538694381714,15.224286079406738,0.03652666509151459,27.464284896850586,0.06447134166955948,21.34414291381836,0.0323040671646595,13.926000595092773,0.012535645626485348,1.7985715866088867,0.018336990848183632,22.177141189575195,0.19622108340263367,7.0,area
110,MIN,Bell Museum Minnesota ,2021.0,,,46.72,-94.13,,966641,,8/23/21,,8.0,2026_dataset,1113.2,112.69715118408203,1.5320645570755005,15.202285766601562,0.03927089646458626,27.529001235961914,0.032610103487968445,21.365427017211914,0.01689339429140091,13.918286323547363,0.004890739917755127,1.7971428632736206,0.020124081522226334,22.37271499633789,0.09347984194755554,7.0,area
111,MMNS,SWSL,1998.0,,,30.674364,-96.369963,Na,6430,,6/22/98,,6.0,2026_dataset,0.1113199999999999,0.0,,23.880001068115234,,36.320003509521484,,30.10000228881836,,21.718000411987305,,2.9110000133514404,,37.13100051879883,,1.0,point
112,MMNS,MMNS,1996.0,,,32.325,-90.155,,11763,,July 18th 1996,,7.0,2026_dataset,111.32,171.81700134277344,,22.020000457763672,,32.95000076293945,,27.490001678466797,,21.53700065612793,,1.5809999704360962,,25.582000732421875,,1.0,point
113,MMNS,MMNS,1996.0,,,32.32555556,-90.15527778,M ,18841,,8/13/96,,8.0,2026_dataset,0.0011132,160.3719940185547,,21.030000686645508,,31.57000160217285,,26.30000114440918,,21.628000259399414,,0.4189999997615814,,21.055999755859375,,1.0,point
114,MMNS,SWSL,1998.0,,,33.409754,-90.23535,M ,6452,,6/20/05,,,2026_dataset,0.9292483060286542,,,,,,,,,,,,,,,,
115,MMNS,SWSL,1996.0,,,33.417085,-90.221122,F ,6428,,7/12/96,,7.0,2026_dataset,0.1113199999999999,102.27299499511719,,22.000001907348633,,33.130001068115234,,27.57000160217285,,22.073999404907227,,0.9890000224113464,,24.865999221801758,,1.0,point
116,MMNS,SWSL,1998.0,,,33.417372,-90.221122,F,6451,,6/20/05,,,2026_dataset,0.1113199999999999,,,,,,,,,,,,,,,,
117,MMNS,SWSL,1998.0,,,33.418231,-90.223181,,6429,,6/22/98,,6.0,2026_dataset,0.1113199999999999,41.95899963378906,,22.540000915527344,,32.84000015258789,,27.690000534057617,,21.891000747680664,,2.3940000534057617,,23.277999877929688,,1.0,point
118,MMNS,MMNS,2010.0,,,33.47305556,-90.90222222,F,32795,,10/19/10,,10.0,2026_dataset,0.0011132,43.63141632080078,,10.480000495910645,,27.310001373291016,,18.900001525878906,,8.428999900817871,,1.9129999876022339,,26.13800048828125,,1.0,point
119,MMNS,MMNS,2010.0,,,33.47305556,-90.90222222,F,32796,,10/19/10,,10.0,2026_dataset,0.0011132,43.63141632080078,,10.480000495910645,,27.310001373291016,,18.900001525878906,,8.428999900817871,,1.9129999876022339,,26.13800048828125,,1.0,point
120,MMNS,MMNS,1996.0,,,33.863,-88.7184,F,15556,,7/1/96,,7.0,2026_dataset,111.32,193.16200256347656,,21.420000076293945,,32.439002990722656,,26.930002212524414,,21.48699951171875,,0.8460000157356262,,23.152999877929688,,1.0,point
121,MO,North carolina state,1955.0,,,43.8166667,-89.4,F,1704109,MO-029947,9/25/55,,9.0,2026_dataset,8032.393239251662,32.69841766357422,1.0684746503829956,7.953249931335449,0.16574135422706604,24.99277114868164,0.07557184249162674,16.47467041015625,0.1103954017162323,9.01998233795166,0.0335514061152935,0.6895784735679626,0.08381281793117523,21.24112319946289,0.15556462109088898,325.0,area
122,MO,ISU,1975.0,,,43.75,-91.1,F,2663673,MO-029950,10/1/75,,10.0,2026_dataset,8041.355625649199,13.54504680633545,0.8244147300720215,4.265969276428223,0.15664257109165192,18.510862350463867,0.15356041491031647,11.390460968017578,0.1330174207687378,4.455240249633789,0.06674886494874954,1.1610091924667358,0.07528495043516159,12.979154586791992,0.19053801894187927,325.0,area
123,MO,ISU,1983.0,,,38.4333333,-82.25,F,3668428,MO-029959,10/9/83,,10.0,2026_dataset,872.0051333654175,165.63833618164062,0.02800644561648369,6.7866668701171875,0.016996746882796288,20.6633358001709,0.004713254049420357,13.726666450500488,0.009428306482732296,7.986000061035156,0.04102015867829323,0.48933330178260803,0.01936204917728901,13.725666999816895,0.019014351069927216,3.0,area
124,MO,ISU,1973.0,,,34.8,-86.983333,F,4271124A,MO-029966,10/8/73,,10.0,2026_dataset,11132.0,85.48175811767578,2.9205970764160156,10.986981391906738,0.3185673952102661,26.004789352416992,0.13037948310375214,18.498306274414062,0.1937173753976822,13.112550735473633,0.10472294688224792,0.2782265245914459,0.1502188742160797,18.15579605102539,0.21412219107151031,543.0,area
125,MO,ISU,1973.0,,,34.8,-86.983333,M,4271124B,MO-029966,10/8/73,,10.0,2026_dataset,11132.0,85.48175811767578,2.9205970764160156,10.986981391906738,0.3185673952102661,26.004789352416992,0.13037948310375214,18.498306274414062,0.1937173753976822,13.112550735473633,0.10472294688224792,0.2782265245914459,0.1502188742160797,18.15579605102539,0.21412219107151031,543.0,area
126,MO,ISU,1975.0,,,43.789821,-91.279985,F,2433399,MO-029967,9/22/75,,9.0,2026_dataset,0.1113199999999999,24.878000259399414,,8.640000343322754,,20.060001373291016,,14.350000381469727,,9.960000038146973,,0.5130000114440918,,11.152999877929688,,1.0,point
127,MO,ISU,1989.0,,,31.7666667,-93.133333,F,3775016,MO-029969,11/24/89,,11.0,2026_dataset,0.0946441659592662,18.263999938964844,,7.750000476837158,,21.130001068115234,,14.440000534057617,,9.305999755859375,,0.6140000224113464,,12.87600040435791,,1.0,point
128,MO,ISU,1989.0,,,35.1666667,-94.266667,M,4272081,MO-029974,9/4/89,,9.0,2026_dataset,0.0910018863374446,84.27799987792969,,14.360000610351562,,27.1200008392334,,20.740001678466797,,16.2549991607666,,0.0,,17.733999252319336,,1.0,point
129,MO,TU,1956.0,,,30.6333333,-92.0,M,4675602,MO-029976,10/13/56,,10.0,2026_dataset,95784.81903774165,53.56327438354492,6.631875514984131,13.424562454223633,0.7204670310020447,28.60125160217285,0.33931365609169006,21.015405654907227,0.30513763427734375,15.362358093261719,0.56929612159729,0.3674035966396332,0.1912556141614914,21.485553741455078,1.3785563707351685,38997.0,area
130,MO,ISU,1989.0,,,32.4833333,-92.15,F,3775713,MO-029977,12/2/89,,12.0,2026_dataset,939.0373047178974,115.0385971069336,0.16889797151088715,-2.3940000534057617,0.0773562490940094,10.140000343322754,0.0,3.886000156402588,0.040792230516672134,-2.0127999782562256,0.003544018603861332,0.5591999888420105,0.023378625512123108,7.458799839019775,0.0026381632778793573,5.0,area
131,MO,North carolina state,1989.0,,,32.8,-92.4,F,3790732,MO-029978,10/22/89,,10.0,2026_dataset,11132.0,30.28968620300293,0.9803159832954407,10.40405559539795,0.08017154783010483,25.982189178466797,0.13941766321659088,18.19450569152832,0.09359535574913025,12.409937858581543,0.07442376017570496,0.24780558049678802,0.023827722296118736,19.941469192504883,0.3462671637535095,535.0,area
132,MO,North carolina state,1993.0,,,33.5833333,-96.516667,F,4580996,MO-029981,9/19/93,,9.0,2026_dataset,0.0927387083741008,113.16799926757812,,16.530000686645508,,29.860000610351562,,23.200000762939453,,16.118999481201172,,1.6770000457763672,,23.86199951171875,,1.0,point
133,MO,North carolina state,1993.0,,,33.6,-96.566667,F,5001849,MO-029984,10/11/93,,10.0,2026_dataset,11132.0,180.41317749023438,4.638055801391602,10.545510292053223,0.35034236311912537,22.352079391479492,0.17906619608402252,16.45090675354004,0.12030214816331863,10.802226066589355,0.15014365315437317,1.0567457675933838,0.19053353369235992,13.976698875427246,0.3437013626098633,539.0,area
134,MO,North carolina state,1993.0,,,33.6,-96.566667,M,5001849,MO-029984,10/11/93,,10.0,2026_dataset,11132.0,180.41317749023438,4.638055801391602,10.545510292053223,0.35034236311912537,22.352079391479492,0.17906619608402252,16.45090675354004,0.12030214816331863,10.802226066589355,0.15014365315437317,1.0567457675933838,0.19053353369235992,13.976698875427246,0.3437013626098633,539.0,area
135,MO,North carolina state,1973.0,,,39.5166667,-91.516667,F,2195330,MO-029992,9/7/73,,9.0,2026_dataset,0.0858766476692129,156.19000244140625,,15.170001029968262,,25.520000457763672,,20.350000381469727,,16.014999389648438,,0.7929999828338623,,14.539999961853027,,1.0,point
136,MO,North carolina state,1937.0,,,36.8166667,-89.283333,F,2157290,MO-029995,10/14/37,,10.0,2026_dataset,0.0891180150165358,139.79600524902344,,7.990000247955322,,20.720001220703125,,14.360000610351562,,8.708999633789062,,0.9129999876022339,,12.831000328063965,,1.0,point
137,MO,North carolina state,1974.0,,,38.25,-90.533333,F,2324550,MO-029998,10/31/74,,10.0,2026_dataset,1113.2,32.6676025390625,0.1291777789592743,5.1700005531311035,0.040000032633543015,21.144001007080078,0.04029887914657593,13.160000801086426,0.03286340832710266,7.050000190734863,0.039022963494062424,0.5087999701499939,0.025779055431485176,14.435600280761719,0.05853087082505226,5.0,area
138,MO,North carolina state,1877.0,,,38.55,-89.916667,F,768400,MO-029999,20 Sept 1877,,9.0,2026_dataset,1113.2,,,,,,,,,,,,,,,0.0,
139,MO,North carolina state,2003.0,,,38.6333333,-90.75,F,5983947,MO-1949390,10/18/03,,10.0,2026_dataset,869.5843977622984,97.8305892944336,0.9088379144668579,6.680000305175781,0.016329916194081306,20.440000534057617,0.0,13.550000190734863,0.008164763450622559,8.35433292388916,0.03109472617506981,0.32500001788139343,0.02146315574645996,13.546333312988281,0.03852562978863716,3.0,area
140,MO,North carolina state,2003.0,,,38.65,-90.733333,M,5983948,MO-1949391,10/18/03,,10.0,2026_dataset,1113.2,99.91087341308594,0.9901409149169922,6.622000217437744,0.017204567790031433,20.422000885009766,0.0040000914596021175,13.510000228881836,0.008944050408899784,8.399799346923828,0.06827691197395325,0.2778000235557556,0.03753078728914261,13.441200256347656,0.07961490750312805,5.0,area
141,MO,North carolina state,2003.0,,,38.0666667,-91.15,F,5983949,MO-1949392,9/28/03,,9.0,2026_dataset,876.4155308838821,80.94608306884766,1.7262321710586548,9.846667289733887,0.2735365331172943,25.280000686645508,0.04546080529689789,17.56333351135254,0.12391715496778488,13.118666648864746,0.2553238570690155,0.0,0.0,17.21466636657715,0.42619210481643677,3.0,area
142,MO,North carolina state,2003.0,,,38.4333333,-90.816667,F,5983950,MO-1949393,9/12/03,,9.0,2026_dataset,0.0872005133365417,142.0939483642578,,11.730000495910645,,25.950000762939453,,18.84000015258789,,13.427000045776367,,0.4259999990463257,,18.804000854492188,,1.0,point
143,MO,North carolina state,2003.0,,,38.65,-90.75,F,5983946,MO-1949466,10/18/03,,10.0,2026_dataset,1113.2,96.85436248779297,0.9134106636047363,6.699999809265137,0.061318766325712204,20.423999786376953,0.004899091552942991,13.550000190734863,0.03162277489900589,8.449399948120117,0.08831661939620972,0.2879999876022339,0.0377306267619133,13.410000801086426,0.09272091090679169,5.0,area
144,MO,MBOT,2011.0,,,37.9166667,-89.883333,M,6341595,MO-2332143,9/11/11,,9.0,2026_dataset,0.0878209449839665,85.95361328125,,12.460000991821289,,25.8700008392334,,19.170000076293945,,12.812000274658203,,0.7979999780654907,,20.566999435424805,,1.0,point
145,MO,MBOT,2011.0,,,37.9166667,-89.883333,F,6341593,MO-2332145,9/11/11,,9.0,2026_dataset,0.0878209449839665,85.95361328125,,12.460000991821289,,25.8700008392334,,19.170000076293945,,12.812000274658203,,0.7979999780654907,,20.566999435424805,,1.0,point
146,MO,North carolina state,1961.0,,,37.2,-94.333333,M,6773119,MO-2894491,8/7/61,,8.0,2026_dataset,11132.0,89.73981475830078,3.183457612991333,18.07855224609375,0.43347442150115967,30.25676155090332,0.04654385522007942,24.169984817504883,0.23272870481014252,18.61157989501953,0.08510088920593262,1.4368603229522705,0.23267754912376404,22.298818588256836,0.09689129889011383,565.0,area
147,MO,North carolina state,1968.0,,,32.1,-92.083333,F,5435147,MO-3285043,8/15/68,,8.0,2026_dataset,11132.0,131.7662353515625,1.2352417707443237,20.721206665039062,0.10122642666101456,33.028682708740234,0.13635051250457764,26.877328872680664,0.04330519214272499,21.468585968017578,0.10650105774402618,0.42827117443084717,0.05928667262196541,25.101741790771484,0.6439869403839111,531.0,area
148,MO,North carolina state,1972.0,,,32.6333333,-93.9,F,5435148,MO-3285044,11/7/72,,11.0,2026_dataset,9374.689239951846,153.93360900878906,2.110152244567871,4.946244239807129,0.2199474275112152,14.862390518188477,0.17296797037124634,9.90648365020752,0.18658198416233063,6.025247097015381,0.12739376723766327,0.6330918669700623,0.05006986856460571,7.6033101081848145,0.13418272137641907,381.0,area
149,MO,North carolina state,1994.0,,,37.65,-87.95,F,5049461,MO-3285045,9/22/94,,9.0,2026_dataset,1113.2,66.40400695800781,0.33264485001564026,12.578001022338867,0.19833330810070038,26.312002182006836,0.0040000914596021175,19.448001861572266,0.09947888553142548,13.859199523925781,0.03881466016173363,1.7437999248504639,0.07689317315816879,20.038799285888672,0.03195855766534805,5.0,area
150,MO,North carolina state,2009.0,,,34.8666667,-98.366667,M,6443719,MO-3716729,9/6/09,,9.0,2026_dataset,0.0913363454162979,120.92359161376953,,15.930000305175781,,27.940000534057617,,21.940000534057617,,15.043000221252441,,1.4759999513626099,,22.158000946044922,,1.0,point
151,MO,North carolina state,2009.0,,,34.8666667,-98.366667,F,6443719,MO-3716729,9/6/09,,9.0,2026_dataset,0.0913363454162979,120.92359161376953,,15.930000305175781,,27.940000534057617,,21.940000534057617,,15.043000221252441,,1.4759999513626099,,22.158000946044922,,1.0,point
152,MO,North carolina state,2009.0,,,36.7833333,-94.75,F,6443699,MO-3716730,9/7/09,,9.0,2026_dataset,891.5680986901289,217.14173889160156,1.7822368144989014,14.869999885559082,0.049665339291095734,25.27333641052246,0.047842543572187424,20.073333740234375,0.04714063182473183,15.562666893005371,0.07169510424137115,0.9426667094230652,0.0033993299584835768,13.89799976348877,0.030735623091459274,3.0,area
153,MO,North carolina state,2009.0,,,36.7833333,-94.75,M,6443699,MO-3716730,9/7/09,,9.0,2026_dataset,891.5680986901289,217.14173889160156,1.7822368144989014,14.869999885559082,0.049665339291095734,25.27333641052246,0.047842543572187424,20.073333740234375,0.04714063182473183,15.562666893005371,0.07169510424137115,0.9426667094230652,0.0033993299584835768,13.89799976348877,0.030735623091459274,3.0,area
154,MO,North carolina state,2009.0,,,34.95,95.8666667,F,6443700,MO-3716731,9/7/09,,9.0,2026_dataset,1113.2,,,,,,,,,,,,,,,0.0,
155,MO,North carolina state,2009.0,,,34.95,95.8666667,M,6443700,MO-3716731,9/7/09,,9.0,2026_dataset,1113.2,,,,,,,,,,,,,,,0.0,
156,MO,North carolina state,2009.0,,,36.3,-95.266667,F,6443717,MO-3716732,9/7/09,,9.0,2026_dataset,11132.0,211.94879150390625,22.46883773803711,14.871258735656738,0.2620137631893158,25.790969848632812,0.06844103336334229,20.333538055419922,0.11582305282354355,15.968266487121582,0.061091866344213486,0.7563787698745728,0.06381843239068985,14.65921688079834,0.1617518812417984,557.0,area
157,MO,North carolina state,2009.0,,,36.3,-95.266667,M,6443717,MO-3716732,9/7/09,,9.0,2026_dataset,11132.0,211.94879150390625,22.46883773803711,14.871258735656738,0.2620137631893158,25.790969848632812,0.06844103336334229,20.333538055419922,0.11582305282354355,15.968266487121582,0.061091866344213486,0.7563787698745728,0.06381843239068985,14.65921688079834,0.1617518812417984,557.0,area
158,MO,North carolina state,2009.0,,,34.8666667,-98.366667,F,6443718,MO-3716733,9/6/09,,9.0,2026_dataset,0.0913363454162979,120.92359161376953,,15.930000305175781,,27.940000534057617,,21.940000534057617,,15.043000221252441,,1.4759999513626099,,22.158000946044922,,1.0,point
159,MO,North carolina state,2009.0,,,34.8666667,-98.366667,M,6443718,MO-3716733,9/6/09,,9.0,2026_dataset,0.0913363454162979,120.92359161376953,,15.930000305175781,,27.940000534057617,,21.940000534057617,,15.043000221252441,,1.4759999513626099,,22.158000946044922,,1.0,point
160,MO,MBOT,2012.0,,,43.274167,-90.380278,F,6604149,MO-3789649,,,8.0,2026_dataset,0.1113199999999999,73.95037078857422,,13.170001029968262,,27.600000381469727,,20.39000129699707,,13.657999992370605,,0.8349999785423279,,22.742000579833984,,1.0,point
161,MO,North carolina state,2014.0,,,37.5666667,-89.466667,F,6686499,MO-3789651,10/20/14,,10.0,2026_dataset,0.0882371831759993,98.37796020507812,,8.329000473022461,,22.3700008392334,,15.350000381469727,,10.086000442504883,,0.44999998807907104,,14.85200023651123,,1.0,point
162,MO,North carolina state,1996.0,,,41.0333333,-84.133333,M,4962987,MO-3789652,8/26/96,,8.0,2026_dataset,0.0839717677163934,23.10099983215332,,15.65000057220459,,28.160001754760742,,21.910001754760742,,16.45400047302246,,0.722000002861023,,20.152000427246094,,1.0,point
163,MO,ISU,1916.0,,,39.0,-94.35,F,853730,MO-3789653,9/30/16,,9.0,2026_dataset,111320.0,95.36469268798828,14.473306655883789,12.941950798034668,0.4498808681964874,26.675016403198242,0.43035435676574707,19.81099510192871,0.3653343915939331,12.698204040527344,0.34711647033691406,1.6717482805252075,0.27836185693740845,20.312131881713867,0.7789984345436096,58207.0,area
164,MO,MBOT,2015.0,,,42.5333333,-90.633333,M,6959070,MO-3789654,7/22/15,,7.0,2026_dataset,0.0820299458048648,34.83400344848633,,17.14000129699707,,27.650001525878906,,22.400001525878906,,17.577999114990234,,1.218000054359436,,17.14699935913086,,1.0,point
165,MO,ISU,1841.0,,,38.554533,-90.232666,F,1739632,MO-3789655,,,9.0,2026_dataset,0.1113199999999999,,,,,,,,,,,,,,,0.0,
166,MO,MBOT,2021.0,,,44.65,-91.866667,F,6998866,MO-3789656,9/14/21,,9.0,2026_dataset,1113.2,48.47820281982422,1.2639567852020264,9.584400177001953,0.1530420333147049,23.854000091552734,0.21603474020957947,16.719200134277344,0.18150733411312103,10.946200370788574,0.01501229964196682,0.8181999921798706,0.027124902233481407,17.087200164794922,0.4953010678291321,5.0,area
167,MO,MBOT,2019.0,,,43.0333333,-90.95,F,6957742,MO-3789657,9/11/19,,9.0,2026_dataset,813.701118340161,322.6943664550781,0.2417454868555069,13.743332862854004,0.1461355984210968,23.87000274658203,0.20510180294513702,18.80666732788086,0.17913421988487244,15.582667350769043,0.03752630576491356,0.57833331823349,0.06974873691797256,11.612666130065918,0.4966837465763092,3.0,area
168,MO,MBOT,2015.0,,,43.2166667,-90.233333,M,6953483,MO-3789658,9/11/15,,9.0,2026_dataset,0.0811266173451035,75.58900451660156,,13.070000648498535,,25.850000381469727,,19.46000099182129,,14.41100025177002,,0.7910000085830688,,16.461000442504883,,1.0,point
169,MO,ISU,1987.0,,,37.95,-90.866667,F,3639168,MO-3789659,9/13/87,,9.0,2026_dataset,1113.2,38.067596435546875,0.09200280904769897,11.426000595092773,0.1085541695356369,26.894001007080078,0.1796218901872635,19.16200065612793,0.04069412499666214,13.776201248168945,0.06526386737823486,0.0,0.0,20.10179901123047,0.4738267958164215,5.0,area
170,MO,MBOT,1983.0,,,39.3,-94.416667,M,4336189,MO-3789660,10/6/83,,10.0,2026_dataset,11132.0,112.8100814819336,2.9121272563934326,8.54551887512207,0.3633866608142853,19.54263687133789,0.2242848426103592,14.046299934387207,0.27261894941329956,8.783758163452148,0.2183089703321457,1.2242822647094727,0.09605869650840759,11.859223365783691,0.2041669487953186,581.0,area
171,MO,MBOT,1987.0,,,38.55,-90.466667,F,4275933,MO-3789661,10/3/87,,10.0,2026_dataset,1113.2,75.63400268554688,0.04422206059098244,3.934000015258789,0.153701052069664,18.595998764038086,0.007999420166015625,11.268000602722168,0.076785147190094,3.3023998737335205,0.0334281288087368,1.1067999601364136,0.0630631148815155,14.07960033416748,0.01878952607512474,5.0,area
172,MO,MBOT,1979.0,,,32.450543,-91.410341,M,5429074,MO-3789662,,,9.0,2026_dataset,0.1113199999999999,133.5919952392578,,17.240001678466797,,28.840002059936523,,23.040000915527344,,18.459999084472656,,0.9909999966621399,,17.708999633789062,,1.0,point
173,MO,MBOT,1963.0,,,38.6333333,-90.233333,M,2602073,MO-3789664,10/12/63,,10.0,2026_dataset,0.0869584397762298,41.606998443603516,,13.960000991821289,,27.240001678466797,,20.600000381469727,,8.295000076293945,,4.239999771118164,,25.44499969482422,,1.0,point
174,MO,MBOT,1979.0,,,32.7666667,-91.25,F,5429071,MO-3789666,10/4/79,,10.0,2026_dataset,936.0694126760524,90.71540069580078,0.7253663539886475,11.200000762939453,0.0802496150135994,26.7600040435791,0.02097574807703495,18.98200035095215,0.046217210590839386,12.370400428771973,0.0004900962230749428,1.0,0.04773679003119469,20.672399520874023,0.04506251960992813,5.0,area
175,MO,MBOT,2002.0,,,38.6166667,-90.25,F,5561847,MO-3789667,10/9/02,,10.0,2026_dataset,869.7865300220078,137.8106231689453,0.4163888990879059,9.003334045410156,0.2666248083114624,18.233335494995117,0.11614111810922623,13.623333930969238,0.07586532831192017,8.631999969482422,0.007348326034843922,0.7149999737739563,0.07183777540922165,10.70199966430664,0.24315176904201508,3.0,area
176,MO,NY,2007.0,,,40.2833333,-91.566667,F,6038591,MO-3789668,9/7/07,,9.0,2026_dataset,0.0849211790480302,31.187673568725586,,14.380001068115234,,28.310001373291016,,21.350000381469727,,12.553999900817871,,2.552000045776367,,25.07900047302246,,1.0,point
177,MO,NY,2007.0,,,40.2833333,-91.566667,M,6038566,MO-3789669,9/7/07,,9.0,2026_dataset,0.0849211790480302,31.187673568725586,,14.380001068115234,,28.310001373291016,,21.350000381469727,,12.553999900817871,,2.552000045776367,,25.07900047302246,,1.0,point
178,MO,MBOT,2006.0,,,39.65,-92.5,F,6146523B,MO-3789671,8/10/06,,8.0,2026_dataset,8571.157896335857,120.18522644042969,6.851516246795654,19.19097137451172,0.04721493273973465,31.000911712646484,0.20573201775550842,25.09846305847168,0.11654540151357651,19.07254409790039,0.04309887811541557,1.8013733625411987,0.03020085021853447,23.5509090423584,0.5800880789756775,351.0,area
179,MO,MBOT,2006.0,,,39.65,-92.5,M,6146523A,MO-3789671,8/10/06,,8.0,2026_dataset,8571.157896335857,120.18522644042969,6.851516246795654,19.19097137451172,0.04721493273973465,31.000911712646484,0.20573201775550842,25.09846305847168,0.11654540151357651,19.07254409790039,0.04309887811541557,1.8013733625411987,0.03020085021853447,23.5509090423584,0.5800880789756775,351.0,area
180,MO,,2009.0,,,33.6833333,-91.0,F,6173647,MO-3789672,10/15/09,,10.0,2026_dataset,92631.0957850966,386.1726379394531,44.14775466918945,10.919665336608887,0.5636409521102905,20.73957633972168,0.7358381152153015,15.831944465637207,0.5773134231567383,12.396561622619629,0.588295578956604,0.6143665909767151,0.14591968059539795,9.725591659545898,0.6744383573532104,37678.0,area
181,MO,MBOT,1975.0,,,38.6333333,-90.233333,M,3526986,MO-3789673,11/1/75,,11.0,2026_dataset,0.0869584397762298,68.20999908447266,,5.62000036239624,,14.950000762939453,,10.290000915527344,,4.3429999351501465,,1.8569999933242798,,8.741000175476074,,1.0,point
182,MO,MBOT,1966.0,,,38.6333333,-90.233333,M,1858765,MO-3789674,9/18/66,,9.0,2026_dataset,0.0869584397762298,64.40399932861328,,14.080000877380371,,23.740001678466797,,18.910001754760742,,13.38599967956543,,1.3589999675750732,,14.656000137329102,,1.0,point
183,MO,MBOT,2001.0,,,37.9833333,-90.5,F,5288692,MO-3789675,9/10/01,,9.0,2026_dataset,8774.128956980696,44.129638671875,3.788358688354492,11.277162551879883,0.13182109594345093,26.128787994384766,0.2420850694179535,18.705951690673828,0.1240762248635292,13.747798919677734,0.11761036515235901,0.36791184544563293,0.043876394629478455,18.26723289489746,0.9021419882774353,363.0,area
184,MO,MBOT,1963.0,,,38.6333333,-90.233333,M,2602076,MO-3789676,10/6/63,,10.0,2026_dataset,0.0869584397762298,41.606998443603516,,13.960000991821289,,27.240001678466797,,20.600000381469727,,8.295000076293945,,4.239999771118164,,25.44499969482422,,1.0,point
185,MO,MBOT,2020.0,,,42.8333333,-90.65,F,6994492,MO-3789678,8/27/20,,9.0,2026_dataset,816.3479184479293,178.64500427246094,1.415480613708496,10.479999542236328,0.056568488478660583,21.220001220703125,0.05715451017022133,15.850001335144043,0.05099017545580864,11.13066577911377,0.017153220251202583,0.5699999928474426,0.0176823940128088,12.709334373474121,0.08246775716543198,3.0,area
186,MO,MBOT,2015.0,,,42.5333333,-90.633333,F,6959072,MO-3789679,7/22/15,,7.0,2026_dataset,0.0820299458048648,34.83400344848633,,17.14000129699707,,27.650001525878906,,22.400001525878906,,17.577999114990234,,1.218000054359436,,17.14699935913086,,1.0,point
187,MO,MBOT,2019.0,,,43.15,-89.9,M,6959203,MO-3789680,8/27/19,,8.0,2026_dataset,8121.525704346244,116.8828125,10.853363990783691,13.69640064239502,0.08561607450246811,25.982154846191406,0.22302313148975372,19.837724685668945,0.08060377836227417,15.523283004760742,0.07705438882112503,0.12023384869098663,0.03992362692952156,15.851186752319336,0.6366322040557861,325.0,area
188,MO,MBOT,2019.0,,,43.15,-89.9,F,6959202,MO-3789681,8/27/19,,9.0,2026_dataset,8121.525704346244,220.6942596435547,10.998652458190918,12.846646308898926,0.2989327013492584,23.579139709472656,0.33522146940231323,18.21132469177246,0.07283978164196014,15.0797700881958,0.21009685099124908,0.2958369255065918,0.09171789884567261,11.663861274719238,1.0952908992767334,325.0,area
189,MO,MBOT,2021.0,,,44.65,-91.866667,M,6998865,MO-3789682,9/14/21,,9.0,2026_dataset,1113.2,48.47820281982422,1.2639567852020264,9.584400177001953,0.1530420333147049,23.854000091552734,0.21603474020957947,16.719200134277344,0.18150733411312103,10.946200370788574,0.01501229964196682,0.8181999921798706,0.027124902233481407,17.087200164794922,0.4953010678291321,5.0,area
190,MO,MBOT,2021.0,,,44.65,-91.866667,M,7010722,MO-3789683,9/14/21,,9.0,2026_dataset,1113.2,48.47820281982422,1.2639567852020264,9.584400177001953,0.1530420333147049,23.854000091552734,0.21603474020957947,16.719200134277344,0.18150733411312103,10.946200370788574,0.01501229964196682,0.8181999921798706,0.027124902233481407,17.087200164794922,0.4953010678291321,5.0,area
191,MO,MBOT,2009.0,,,38.65,-83.75,F,6443690A,MO-3789685,9/29/09,,9.0,2026_dataset,1113.2,268.71405029296875,7.527719974517822,14.047999382019043,0.16939888894557953,25.305999755859375,0.24548733234405518,19.678001403808594,0.20788460969924927,14.433799743652344,0.1506880670785904,0.8199999928474426,0.05769922956824303,16.255399703979492,0.4507269263267517,5.0,area
192,MO,MBOT,2009.0,,,38.65,-83.75,M,6443690B,MO-3789685,9/29/09,,9.0,2026_dataset,1113.2,268.71405029296875,7.527719974517822,14.047999382019043,0.16939888894557953,25.305999755859375,0.24548733234405518,19.678001403808594,0.20788460969924927,14.433799743652344,0.1506880670785904,0.8199999928474426,0.05769922956824303,16.255399703979492,0.4507269263267517,5.0,area
193,MO,MBOT,2010.0,,,40.1666667,-83.116667,F,6443676A,MO-3789687,9/18/10,,9.0,2026_dataset,0.0850675614770462,46.68816375732422,,12.580000877380371,,26.46000099182129,,19.520000457763672,,11.605999946594238,,1.7380000352859497,,22.417999267578125,,1.0,point
194,MO,MBOT,2010.0,,,40.1666667,-83.116667,M,6443676B,MO-3789687,9/18/10,,9.0,2026_dataset,0.0850675614770462,46.68816375732422,,12.580000877380371,,26.46000099182129,,19.520000457763672,,11.605999946594238,,1.7380000352859497,,22.417999267578125,,1.0,point
195,MO,MBOT,2009.0,,,42.6333333,-84.633333,F,6443681,MO-3789688,9/19/09,,9.0,2026_dataset,0.0818984771613934,29.582759857177734,,10.350000381469727,,22.84000015258789,,16.600000381469727,,12.277000427246094,,0.289000004529953,,13.777000427246094,,1.0,point
196,MO,NY,1988.0,,,43.0333333,-88.766667,F,6647533,MO-3789690,9/18/88,,9.0,2026_dataset,0.081370111834016,103.66999816894531,,10.390000343322754,,25.07000160217285,,17.73000144958496,,11.152999877929688,,1.0579999685287476,,18.39299964904785,,1.0,point
197,MO,NY,1988.0,,,42.6666667,-89.066667,F,6647534,MO-3789691,9/18/88,,9.0,2026_dataset,0.0818545987333279,79.12699890136719,,9.920000076293945,,25.270000457763672,,17.600000381469727,,11.071000099182129,,0.7609999775886536,,18.89299964904785,,1.0,point
198,MO,NY,1988.0,,,43.0333333,-88.766667,M,6647532,MO-3789692,9/18/88,,9.0,2026_dataset,0.081370111834016,103.66999816894531,,10.390000343322754,,25.07000160217285,,17.73000144958496,,11.152999877929688,,1.0579999685287476,,18.39299964904785,,1.0,point
199,MO,MBOT,1890.0,,,38.55,-89.916667,M,1740832,MO-3789693,8/13/1890,,8.0,2026_dataset,1113.2,,,,,,,,,,,,,,,0.0,
200,MO,NELU,1988.0,,,31.509516,91.521623,F,6644561,MO-3789695,,,9.0,2026_dataset,0.1113199999999999,,,,,,,,,,,,,,,0.0,
201,MO,NELU,1990.0,,,32.8,-91.8,F,6644550,MO-3789696,9/20/90,,9.0,2026_dataset,11132.0,87.87742614746094,2.9532673358917236,18.866708755493164,0.318516343832016,32.76859664916992,0.07528962939977646,25.819625854492188,0.1740390509366989,19.21617889404297,0.13323435187339783,0.626190721988678,0.2265036553144455,28.974102020263672,0.24983945488929749,535.0,area
202,MO,MBOT,2009.0,,,42.9666667,-85.066667,F,6443680,MO-3789697,9/18/09,,9.0,2026_dataset,0.0814584487387405,24.86905288696289,,10.570000648498535,,22.470001220703125,,16.520000457763672,,12.07699966430664,,0.5619999766349792,,13.37399959564209,,1.0,point
203,MO,MBOT,2010.0,,,38.7166667,-91.433333,F,6443643,MO-3789698,10/16/10,,10.0,2026_dataset,0.0868572628243326,6.4114508628845215,,5.7900004386901855,,22.900001525878906,,14.350000381469727,,5.7129998207092285,,1.0429999828338623,,19.66200065612793,,1.0,point
204,MO,MBOT,1998.0,,,38.6333333,-90.233333,F,4942598,MO-3789699,9/9/98,,9.0,2026_dataset,0.0869584397762298,61.13399887084961,,19.060001373291016,,29.48000144958496,,24.270000457763672,,17.332000732421875,,2.4549999237060547,,21.600000381469727,,1.0,point
205,MO,MBOT,1994.0,,,36.6833333,-91.7,F,4657058A,MO-3789700,9/29/94,,9.0,2026_dataset,8927.301308300257,74.22508239746094,1.6923048496246338,11.401825904846191,0.1674351990222931,25.23136329650879,0.2269037961959839,18.318910598754883,0.11913366615772247,13.488405227661133,0.08638311177492142,0.26365938782691956,0.07038501650094986,17.652183532714844,0.39404433965682983,367.0,area
206,MO,MBOT,1994.0,,,36.6833333,-91.7,F,4657058B,MO-3789700,9/29/94,,9.0,2026_dataset,8927.301308300257,74.22508239746094,1.6923048496246338,11.401825904846191,0.1674351990222931,25.23136329650879,0.2269037961959839,18.318910598754883,0.11913366615772247,13.488405227661133,0.08638311177492142,0.26365938782691956,0.07038501650094986,17.652183532714844,0.39404433965682983,367.0,area
207,MO,UWLA,1891.0,,,38.7666667,-90.666667,F,1740863,MO-3789701,3/5/05,,8.0,2026_dataset,0.0867964684938989,,,,,,,,,,,,,,,0.0,
208,MO,MBOT,2001.0,,,37.25,-89.466667,F,5573686,MO-3789703,9/26/01,,9.0,2026_dataset,1113.2,86.42539978027344,0.2188602089881897,13.305999755859375,0.044989001005887985,26.590002059936523,0.0,19.96000099182129,0.020976657047867775,14.996800422668457,0.034959305077791214,0.3716000020503998,0.004882623441517353,17.224199295043945,0.05500325188040733,5.0,area
209,MO,MBOT,1979.0,,,32.6333333,-93.9,F,5429075,MO-3789705,10/28/79,,10.0,2026_dataset,9374.689239951846,86.81420135498047,1.1074508428573608,11.648478507995605,0.2885874807834625,27.113229751586914,0.2085314244031906,19.383466720581055,0.21579144895076752,13.183712005615234,0.25067397952079773,0.7966089844703674,0.05903574824333191,20.19826316833496,0.46733489632606506,381.0,area
210,MO,MBOT,2013.0,,,42.9833333,-91.133333,F,6464420,MO-3789706,9/13/13,,9.0,2026_dataset,0.0814363749131265,59.840614318847656,,11.890000343322754,,25.020000457763672,,18.450000762939453,,12.552000045776367,,1.215000033378601,,17.79800033569336,,1.0,point
211,MO,North carolina state,1892.0,,,38.55,-89.916667,M,1740834,MO-3789707,9/4/1892,,9.0,2026_dataset,1113.2,,,,,,,,,,,,,,,0.0,
212,MO,MBOT,2009.0,,,41.55,-83.65,F,6443691,MO-3789708,9/28/09,,9.0,2026_dataset,1113.2,26.37699317932129,2.0350992679595947,12.694000244140625,0.07144208997488022,24.080001831054688,0.08024992793798447,18.38800048828125,0.06997158378362656,13.117799758911133,0.0654871016740799,0.8841999173164368,0.009130166843533516,15.293802261352539,0.13470040261745453,5.0,area
213,MO,MBOT,2009.0,,,39.2666667,-83.383333,M,6443692A,MO-3789709,9/29/09,,9.0,2026_dataset,0.0861848973927855,116.63976287841797,,13.020000457763672,,24.580001831054688,,18.80000114440918,,13.746000289916992,,0.6029999852180481,,15.359000205993652,,1.0,point
214,MO,MBOT,2009.0,,,39.2666667,-83.383333,F,6443692B,MO-3789709,9/29/09,,9.0,2026_dataset,0.0861848973927855,116.63976287841797,,13.020000457763672,,24.580001831054688,,18.80000114440918,,13.746000289916992,,0.6029999852180481,,15.359000205993652,,1.0,point
215,MO,MBOT,2009.0,,,41.5,-82.933333,F,6443693A,MO-3789710,9/28/09,,9.0,2026_dataset,11132.0,18.03474235534668,4.919625282287598,14.593332290649414,0.7031445503234863,22.674375534057617,0.49785345792770386,18.636228561401367,0.12753912806510925,13.696137428283691,0.09620925784111023,1.9669631719589233,0.7243272066116333,12.434958457946777,0.6249473094940186,599.0,area
216,MO,MBOT,2009.0,,,41.5,-82.933333,F,6443693B,MO-3789710,9/28/09,,9.0,2026_dataset,11132.0,18.03474235534668,4.919625282287598,14.593332290649414,0.7031445503234863,22.674375534057617,0.49785345792770386,18.636228561401367,0.12753912806510925,13.696137428283691,0.09620925784111023,1.9669631719589233,0.7243272066116333,12.434958457946777,0.6249473094940186,599.0,area
217,MO,MBOT,2009.0,,,41.0333333,-83.8,F,6443694A,MO-3789711,9/28/09,,9.0,2026_dataset,8397.176771639344,21.954648971557617,6.270296096801758,12.021923065185547,0.17624349892139435,24.984954833984375,0.195510596036911,18.505796432495117,0.13158896565437317,12.71570873260498,0.06225402280688286,0.6701862215995789,0.07977781444787979,18.675443649291992,0.5747749209403992,333.0,area
218,MO,MBOT,2014.0,,,43.2666667,-90.366667,M,6604147,MO-3789712,8/31/14,,8.0,2026_dataset,0.0810600655196325,67.97792053222656,,15.110000610351562,,27.650001525878906,,21.380001068115234,,16.552000045776367,,0.8579999804496765,,18.32200050354004,,1.0,point
219,MO,MBOT,2010.0,,,40.1666667,-83.116667,F,6443679,MO-3789713,9/17/10,,9.0,2026_dataset,0.0850675614770462,46.68816375732422,,12.580000877380371,,26.46000099182129,,19.520000457763672,,11.605999946594238,,1.7380000352859497,,22.417999267578125,,1.0,point
220,MO,MBOT,2010.0,,,40.5,-84.533333,F,6443677A,MO-3789714,9/17/10,,9.0,2026_dataset,11132.0,34.96823501586914,2.0699660778045654,13.040274620056152,0.4125790297985077,25.94174575805664,0.09311527758836746,19.493385314941406,0.16495579481124878,11.217232704162598,0.09144359081983566,2.402073621749878,0.3575156629085541,21.730178833007812,0.31211820244789124,585.0,area
221,MO,North carolina state,2018.0,,,43.3166667,-90.35,F,6901691,MO-3789715,8/29/18,,8.0,2026_dataset,809.9345196339555,146.2533416748047,0.3373880386352539,15.003334045410156,0.012472051195800304,27.676668167114258,0.0235698651522398,21.34333610534668,0.018855713307857513,17.892332077026367,0.0028674190398305655,0.0,0.0,16.96266746520996,0.06599634885787964,3.0,area
222,MO,North carolina state,2018.0,,,43.3166667,-90.35,M,6901689,MO-3789716,8/29/18,,8.0,2026_dataset,809.9345196339555,146.2533416748047,0.3373880386352539,15.003334045410156,0.012472051195800304,27.676668167114258,0.0235698651522398,21.34333610534668,0.018855713307857513,17.892332077026367,0.0028674190398305655,0.0,0.0,16.96266746520996,0.06599634885787964,3.0,area
223,MO,North carolina state,2018.0,,,42.6666667,-90.8,M,6903672,MO-3789717,8/2/18,,8.0,2026_dataset,8185.459873332793,179.05958557128906,7.788546085357666,17.418134689331055,0.31662771105766296,27.33150863647461,0.3384677767753601,22.37723159790039,0.32231998443603516,18.737146377563477,0.15816551446914673,0.6672216057777405,0.1055108904838562,14.516799926757812,0.6533821821212769,325.0,area
224,MO,North carolina state,2018.0,,,43.2,-90.433333,M,6904066,MO-3789718,9/13/18,,9.0,2026_dataset,11132.0,231.01846313476562,24.47852325439453,11.363451957702637,0.48769184947013855,23.74966049194336,0.3914930820465088,17.55868911743164,0.24284586310386658,13.858530044555664,0.18604281544685364,0.1298784464597702,0.10527446120977402,13.661651611328125,0.9141250252723694,617.0,area
225,MO,North carolina state,2020.0,,,43.3,-90.333333,M,6985194,MO-3789720,8/13/20,,8.0,2026_dataset,11132.0,37.646724700927734,7.14633321762085,13.989710807800293,0.31723862886428833,27.644317626953125,0.5520551204681396,20.815505981445312,0.21785327792167664,16.003610610961914,0.11321455240249634,0.2946147620677948,0.10850930213928223,18.725849151611328,1.4766582250595093,623.0,area
226,MO,North carolina state,2017.0,,,43.5333333,-90.616667,F,6858783,MO-3789721,9/19/17,,9.0,2026_dataset,0.0807040812141139,58.90599822998047,,9.780000686645508,,24.1200008392334,,16.950000762939453,,12.704000473022461,,0.12399999797344208,,15.875,,1.0,point
227,MO,North carolina state,2017.0,,,43.0666667,-90.883333,F,6858790,MO-3789722,10/20/17,,10.0,2026_dataset,0.081325901930334,116.24299621582031,,6.610000133514404,,17.57000160217285,,12.09000015258789,,6.997000217437744,,0.7699999809265137,,10.708000183105469,,1.0,point
228,MO,North carolina state,2001.0,,,38.8333333,-89.9,F,5476285,MO-3789723,9/27/01,,9.0,2026_dataset,8671.530665477167,74.60652160644531,0.9816637635231018,13.05532455444336,0.214305579662323,26.09625244140625,0.1407276690006256,19.580930709838867,0.12432804703712463,14.219550132751465,0.15303832292556763,0.5731267929077148,0.04571027308702469,17.475255966186523,0.546505868434906,355.0,area
229,MO,North carolina state,1999.0,,,33.2833333,-91.3,F,5700937,MO-3789724,10/1/99,,10.0,2026_dataset,9305.984984505754,28.338241577148438,0.9721616506576538,10.063360214233398,0.18355576694011688,26.561817169189453,0.15592458844184875,18.31504249572754,0.07797721773386002,11.037954330444336,0.06986576318740845,0.6246399879455566,0.07381881028413773,22.24009132385254,0.3722223937511444,375.0,area
230,MO,North carolina state,1963.0,,,37.2333333,-88.733333,F,1982319,MO-3789725,11/14/63,,11.0,2026_dataset,0.0886305396455495,52.40999984741211,,3.190000057220459,,16.040000915527344,,9.620000839233398,,3.062000036239624,,1.0169999599456787,,9.954000473022461,,1.0,point
231,MO,North carolina state,1922.0,,,43.6166667,-73.016667,M,914933,MO-3789726,8/25/22,,8.0,2026_dataset,0.0805924771240017,112.78900146484375,,12.620000839233398,,25.670001983642578,,19.150001525878906,,13.892999649047852,,0.47200000286102295,,17.514999389648438,,1.0,point
232,MO,North carolina state,2005.0,,,34.55,-92.7,M,6156186,MO-3789727,8/17/05,,8.0,2026_dataset,9168.666884302183,56.18996810913086,11.933738708496094,21.851411819458008,0.18870209157466888,35.179840087890625,0.13169655203819275,28.51813507080078,0.06860701739788055,21.207509994506836,0.10706176608800888,1.7796132564544678,0.18035352230072021,33.91830825805664,0.5627431273460388,375.0,area
233,MO,North carolina state,2009.0,,,40.0166667,-90.616667,M,6443664,MO-3789728,10/12/09,,10.0,2026_dataset,0.0852552492190762,229.3605499267578,,4.740000247955322,,14.780000686645508,,9.760000228881836,,6.382999897003174,,0.32600000500679016,,7.165999889373779,,1.0,point
234,MO,North carolina state,2009.0,,,40.0166667,-90.616667,F,6443664,MO-3789728,10/12/09,,10.0,2026_dataset,0.0852552492190762,229.3605499267578,,4.740000247955322,,14.780000686645508,,9.760000228881836,,6.382999897003174,,0.32600000500679016,,7.165999889373779,,1.0,point
235,MO,North carolina state,2019.0,,,43.4333333,-90.35,M,6959141,MO-3789729,9/1/19,,9.0,2026_dataset,808.3778064218409,193.79933166503906,1.6861674785614014,12.233332633972168,0.1388845145702362,23.239999771118164,0.20607438683509827,17.733335494995117,0.037712324410676956,14.740666389465332,0.07732782512903214,0.23199999332427979,0.030626783147454262,11.337666511535645,0.5756414532661438,3.0,area
236,MO,North carolina state,2020.0,,,42.3,-90.333333,M,6985193,MO-3789730,8/13/20,,8.0,2026_dataset,11132.0,48.07414245605469,14.276056289672852,15.799674034118652,0.34838223457336426,28.202211380004883,0.4402199983596802,21.99944305419922,0.32998737692832947,16.527250289916992,0.1621997356414795,0.8535466194152832,0.16526678204536438,19.609249114990234,1.1363078355789185,611.0,area
237,MO,North carolina state,2019.0,,,43.3333333,-90.4,M,6959145,MO-3789731,9/3/19,,9.0,2026_dataset,8097.123382435509,200.70399475097656,11.076226234436035,12.804985046386719,0.3526424169540405,23.116830825805664,0.4598577618598938,17.959476470947266,0.13956433534622192,15.143902778625488,0.21187227964401245,0.2985476553440094,0.07392525672912598,10.421774864196777,1.3134756088256836,325.0,area
238,MO,North carolina state,2019.0,,,43.3333333,-90.4,M,6959146,MO-3789732,9/3/19,,9.0,2026_dataset,8097.123382435509,200.70399475097656,11.076226234436035,12.804985046386719,0.3526424169540405,23.116830825805664,0.4598577618598938,17.959476470947266,0.13956433534622192,15.143902778625488,0.21187227964401245,0.2985476553440094,0.07392525672912598,10.421774864196777,1.3134756088256836,325.0,area
239,MO,North carolina state,2009.0,,,42.95,-81.3,F,6443683,MO-3789733,9/22/09,,9.0,2026_dataset,8148.051580410715,,,,,,,,,,,,,,,0.0,
240,MO,North carolina state,2009.0,,,42.0,-82.766667,M,6443684,MO-3789734,9/20/09,,9.0,2026_dataset,111320.0,47.616615295410156,19.439544677734375,12.324748992919922,1.4329229593276978,23.470596313476562,0.7067718505859375,17.899967193603516,0.692829430103302,12.91122055053711,0.5744459629058838,0.942518949508667,0.7578281760215759,14.3925199508667,1.4496783018112183,35781.0,area
241,MO,North carolina state,2009.0,,,42.0,-82.766667,F,6443684,MO-3789734,9/20/09,,9.0,2026_dataset,111320.0,47.616615295410156,19.439544677734375,12.324748992919922,1.4329229593276978,23.470596313476562,0.7067718505859375,17.899967193603516,0.692829430103302,12.91122055053711,0.5744459629058838,0.942518949508667,0.7578281760215759,14.3925199508667,1.4496783018112183,35781.0,area
242,MO,North carolina state,2009.0,,,42.6333333,-80.816667,F,6443687,MO-3789735,9/22/09,,9.0,2026_dataset,0.0818984771613934,,,,,,,,,,,,,,,0.0,
243,MO,North carolina state,2009.0,,,40.9166667,-90.95,F,6443665,MO-3789736,10/13/09,,10.0,2026_dataset,841.2040298126866,161.8358612060547,0.9249657988548279,4.889999866485596,0.0355902723968029,13.683334350585938,0.052493415772914886,9.290000915527344,0.04320504516363144,6.447999954223633,0.057988569140434265,0.3530000150203705,0.023366635665297508,5.804333209991455,0.05394047498703003,3.0,area
244,MO,North carolina state,2009.0,,,40.1166667,-90.366667,M,6443663,MO-3789737,10/12/09,,10.0,2026_dataset,0.0851301889039463,232.17880249023438,,4.910000324249268,,14.610000610351562,,9.760000228881836,,6.489999771118164,,0.33799999952316284,,6.859000205993652,,1.0,point
245,MO,North carolina state,2009.0,,,40.1166667,-90.366667,F,6443663,MO-3789737,10/12/09,,10.0,2026_dataset,0.0851301889039463,232.17880249023438,,4.910000324249268,,14.610000610351562,,9.760000228881836,,6.489999771118164,,0.33799999952316284,,6.859000205993652,,1.0,point
246,MO,North carolina state,2009.0,,,40.5666667,-89.65,M,6443662,MO-3789738,10/12/09,,10.0,2026_dataset,845.6421390310128,220.61073303222656,0.7498731017112732,5.206666946411133,0.018856164067983627,14.09999942779541,0.04082498326897621,9.656667709350586,0.028674297034740448,6.0879998207092285,0.054814863950014114,0.6190000176429749,0.03470832481980324,6.507999897003174,0.08591858297586441,3.0,area
247,MO,North carolina state,2009.0,,,40.5666667,-89.65,F,6443662,MO-3789738,10/12/09,,10.0,2026_dataset,845.6421390310128,220.61073303222656,0.7498731017112732,5.206666946411133,0.018856164067983627,14.09999942779541,0.04082498326897621,9.656667709350586,0.028674297034740448,6.0879998207092285,0.054814863950014114,0.6190000176429749,0.03470832481980324,6.507999897003174,0.08591858297586441,3.0,area
248,MO,North carolina state,2019.0,,,43.4166667,-90.366667,M,6959143,MO-3789739,9/1/19,,9.0,2026_dataset,0.0808600398615865,197.36801147460938,,11.949999809265137,,23.780000686645508,,17.860000610351562,,14.847999572753906,,0.07000000029802322,,12.407999992370605,,1.0,point
249,MO,North carolina state,2009.0,,,38.7833333,-90.433333,F,6449635,MO-3789741,10/7/09,,10.0,2026_dataset,0.0867761891072022,273.30322265625,,6.460000514984131,,15.720001220703125,,11.09000015258789,,7.008999824523926,,0.7049999833106995,,7.784999847412109,,1.0,point
250,MO,North carolina state,2011.0,,,38.7166667,-91.433333,F,6449613,MO-3789742,10/29/11,,,2026_dataset,0.0868572628243326,,,,,,,,,,,,,,,,
251,MO,North carolina state,2011.0,,,39.2,-93.683333,M,6449631,MO-3789744,10/29/11,,10.0,2026_dataset,11132.0,5.959885120391846,1.2901479005813599,6.238227367401123,0.6160234212875366,21.901445388793945,0.11832734197378159,14.072203636169434,0.28680381178855896,4.613822937011719,0.07458842545747757,1.633347749710083,0.30563884973526,19.284339904785156,0.2487998753786087,581.0,area
252,MO,North carolina state,2011.0,,,39.2,-93.683333,F,6449631,MO-3789744,10/29/11,,10.0,2026_dataset,11132.0,5.959885120391846,1.2901479005813599,6.238227367401123,0.6160234212875366,21.901445388793945,0.11832734197378159,14.072203636169434,0.28680381178855896,4.613822937011719,0.07458842545747757,1.633347749710083,0.30563884973526,19.284339904785156,0.2487998753786087,581.0,area
253,MO,North carolina state,2009.0,,,38.5833333,-90.816667,M,6449633,MO-3789745,8/13/09,,8.0,2026_dataset,0.0870190576156045,74.00332641601562,,17.57900047302246,,29.330001831054688,,23.450000762939453,,17.875,,1.3240000009536743,,21.632999420166016,,1.0,point
254,MO,North carolina state,2009.0,,,38.5833333,-90.816667,F,6449633,MO-3789745,8/13/09,,8.0,2026_dataset,0.0870190576156045,74.00332641601562,,17.57900047302246,,29.330001831054688,,23.450000762939453,,17.875,,1.3240000009536743,,21.632999420166016,,1.0,point
255,MO,North carolina state,2009.0,,,38.85,-90.233333,M,6449636,MO-3789746,8/17/09,,7.0,2026_dataset,1113.2,106.3504409790039,1.2748746871948242,18.59000015258789,0.053665436804294586,27.634002685546875,0.02154115028679371,23.114002227783203,0.03261936083436012,17.475799560546875,0.05562198907136917,2.1335997581481934,0.08072318136692047,17.60059928894043,0.10801967233419418,5.0,area
256,MO,North carolina state,2009.0,,,38.85,-90.233333,F,6449636,MO-3789746,8/17/09,,7.0,2026_dataset,1113.2,106.3504409790039,1.2748746871948242,18.59000015258789,0.053665436804294586,27.634002685546875,0.02154115028679371,23.114002227783203,0.03261936083436012,17.475799560546875,0.05562198907136917,2.1335997581481934,0.08072318136692047,17.60059928894043,0.10801967233419418,5.0,area
257,MO,North carolina state,2019.0,,,43.4166667,-90.366667,M,6959144,MO-3789747,9/1/19,,9.0,2026_dataset,0.0808600398615865,197.36801147460938,,11.949999809265137,,23.780000686645508,,17.860000610351562,,14.847999572753906,,0.07000000029802322,,12.407999992370605,,1.0,point
258,MO,North carolina state,2011.0,,,38.6666667,-91.55,M,6449630,MO-3789748,10/29/11,,10.0,2026_dataset,869.1799100918232,43.190155029296875,1.2778974771499634,6.160000324249268,0.13490742444992065,21.406667709350586,0.05436446890234947,13.786666870117188,0.038586266338825226,5.460000514984131,0.048083145171403885,1.1056666374206543,0.029009589925408363,17.849000930786133,0.13161319494247437,3.0,area
259,MO,North carolina state,2011.0,,,38.6666667,-91.55,F,6449630,MO-3789748,10/29/11,,10.0,2026_dataset,869.1799100918232,43.190155029296875,1.2778974771499634,6.160000324249268,0.13490742444992065,21.406667709350586,0.05436446890234947,13.786666870117188,0.038586266338825226,5.460000514984131,0.048083145171403885,1.1056666374206543,0.029009589925408363,17.849000930786133,0.13161319494247437,3.0,area
260,MO,North carolina state,2009.0,,,38.55,-90.416667,F,6449634,MO-3789749,8/6/09,,8.0,2026_dataset,1113.2,87.14055633544922,2.1743884086608887,18.89000129699707,0.31266602873802185,28.96000099182129,0.0,23.926000595092773,0.15486812591552734,17.974599838256836,0.0373823381960392,2.2314000129699707,0.2550596594810486,20.42020034790039,0.0711258128285408,5.0,area
261,MO,MBOT,1997.0,,,38.7666667,-90.666667,F,4871535,MO-3789750,10/16/97,,10.0,2026_dataset,0.0867964684938989,72.10200500488281,,7.700000286102295,,20.3700008392334,,14.040000915527344,,8.182999610900879,,1.0110000371932983,,14.241999626159668,,1.0,point
262,MO,MBOT,1996.0,,,38.75,-91.15,F,5093390,MO-3789751,10/5/96,,10.0,2026_dataset,1113.2,61.46879959106445,0.19860796630382538,7.308000087738037,0.050754304975271225,20.581998825073242,0.03600006178021431,13.947999954223633,0.021354271098971367,8.413800239562988,0.03836870566010475,0.7405999898910522,0.02363557368516922,12.577600479125977,0.08182095736265182,5.0,area
263,MO,North carolina state,2019.0,,,43.4333333,-90.35,F,6959142,MO-3789752,9/1/19,,9.0,2026_dataset,808.3778064218409,193.79933166503906,1.6861674785614014,12.233332633972168,0.1388845145702362,23.239999771118164,0.20607438683509827,17.733335494995117,0.037712324410676956,14.740666389465332,0.07732782512903214,0.23199999332427979,0.030626783147454262,11.337666511535645,0.5756414532661438,3.0,area
264,MO,North carolina state,1997.0,,,38.7666667,-90.666667,F,4871427,MO-3789753,10/16/97,,10.0,2026_dataset,0.0867964684938989,72.10200500488281,,7.700000286102295,,20.3700008392334,,14.040000915527344,,8.182999610900879,,1.0110000371932983,,14.241999626159668,,1.0,point
265,MO,North carolina state,1996.0,,,38.9833333,-90.683333,F,5093847,MO-3789754,10/10/96,,10.0,2026_dataset,0.0865322632583205,62.111000061035156,,7.330000400543213,,20.700000762939453,,14.020000457763672,,8.336999893188477,,0.7850000262260437,,12.86299991607666,,1.0,point
266,MO,North carolina state,1976.0,,,39.4333333,-92.5,F,4948117,MO-3789755,10/11/76,,10.0,2026_dataset,8597.957961285847,145.37277221679688,2.1482152938842773,3.0080344676971436,0.353597491979599,16.840227127075195,0.047632958739995956,9.926809310913086,0.19120126962661743,3.182837724685669,0.22921213507652283,0.645900309085846,0.3509739935398102,13.420286178588867,0.2075822949409485,351.0,area
267,MO,North carolina state,1965.0,,,39.65,-94.8,M,1823191,MO-3789756,7/3/65,,7.0,2026_dataset,8571.157896335857,227.03440856933594,3.141439199447632,19.44438934326172,0.10006900131702423,30.114389419555664,0.06604497879743576,24.781911849975586,0.045673955231904984,19.14797019958496,0.09326370805501938,1.8809202909469604,0.13073064386844635,20.98126792907715,0.22102196514606476,351.0,area
268,MO,North carolina state,2009.0,,,38.78155,-90.468967,F,6449621,MO-3789743,,,10.0,2026_dataset,1.1132000000000002,263.30206298828125,,6.170000076293945,,15.580000877380371,,10.880000114440918,,7.059000015258789,,0.5839999914169312,,7.578000068664551,,1.0,point
269,MO,MBOT,1955.0,,,38.648611,-90.241944,,2602078-6L,MO-2109223,9/18/55,18.0,9.0,2026_dataset,0.1113199999999999,89.55699920654297,,16.880001068115234,,29.8700008392334,,23.380001068115234,,13.095999717712402,,4.473999977111816,,27.933000564575195,,1.0,point
270,MO,MBOT,2014.0,,,42.070556,-101.041389,M,6588800,MO-2787647,7/17/14,17.0,7.0,2026_dataset,0.1113199999999999,25.26331901550293,,14.5600004196167,,28.430002212524414,,21.500001907348633,,13.649999618530273,,1.6779999732971191,,24.10700035095215,,1.0,point
271,MO,MBOT,2009.0,,,41.0333333,-83.8,M,6443694B,MO-3789711,9/28/09,,9.0,2026_dataset,8397.176771639344,21.954648971557617,6.270296096801758,12.021923065185547,0.17624349892139435,24.984954833984375,0.195510596036911,18.505796432495117,0.13158896565437317,12.71570873260498,0.06225402280688286,0.6701862215995789,0.07977781444787979,18.675443649291992,0.5747749209403992,333.0,area
272,MO,MBOT,2010.0,,,40.1666667,-83.116667,F,6443678,MO-3789713,9/17/10,,9.0,2026_dataset,0.0850675614770462,46.68816375732422,,12.580000877380371,,26.46000099182129,,19.520000457763672,,11.605999946594238,,1.7380000352859497,,22.417999267578125,,1.0,point
273,MO,MBOT,2010.0,,,40.5,-84.533333,M,6443677B,MO-3789714,9/17/10,,9.0,2026_dataset,11132.0,34.96823501586914,2.0699660778045654,13.040274620056152,0.4125790297985077,25.94174575805664,0.09311527758836746,19.493385314941406,0.16495579481124878,11.217232704162598,0.09144359081983566,2.402073621749878,0.3575156629085541,21.730178833007812,0.31211820244789124,585.0,area
274,MO,ISU,1970.0,,,34.316667,-91.4,F,2605276,MO-029956,9/19/70,19.0,9.0,2026_dataset,9194.30099701273,59.366302490234375,1.1064800024032593,18.763813018798828,0.15894685685634613,31.55719757080078,0.12083882838487625,25.163198471069336,0.07526592165231705,19.661968231201172,0.038528550416231155,0.6983174085617065,0.11008994281291962,24.138120651245117,0.34101995825767517,375.0,area
275,MO,MBOT,2020.0,,,42.835278,-90.650833,M,6994491,	MO-3789678,8/27/20,27.0,8.0,2026_dataset,0.1113199999999999,90.29300689697266,,16.190000534057617,,27.660001754760742,,21.920001983642578,,16.274999618530273,,1.2920000553131104,,18.71500015258789,,1.0,point
276,MO,MBOT,1978.0,,,38.55,-89.916667,F,2987257,	MO-3789677,9/15/78,15.0,9.0,2026_dataset,1113.2,43.16740036010742,0.08630996197462082,15.146000862121582,0.06216110289096832,29.12400245666504,0.01743547059595585,22.136001586914062,0.03441008925437927,16.059398651123047,0.08768713474273682,1.210399866104126,0.034805744886398315,20.946598052978516,0.11002259701490402,5.0,area
277,MSC,Michigan State University Herbarium,2022.0,,,41.788095,-84.474288,,,MSC0288710,9/5/22,,9.0,2026_dataset,0.1113199999999999,32.8120002746582,,11.649999618530273,,23.381000518798828,,17.516000747680664,,13.449999809265137,,0.5550000071525574,,13.729999542236328,,1.0,point
278,MSC,Michigan State University Herbarium,2022.0,,,42.730427,-84.484895,,,MSC0287365,8/18/22,,8.0,2026_dataset,0.1113199999999999,114.04199981689453,,15.95199966430664,,27.165000915527344,,21.558000564575195,,16.382999420166016,,1.0570000410079956,,17.292999267578125,,1.0,point
279,MSC,Michigan State University Herbarium,2010.0,,,42.764389,-84.386333,,,MSC0177640,10/3/10,,10.0,2026_dataset,0.1113199999999999,55.165714263916016,,4.950000286102295,,17.130001068115234,,11.040000915527344,,4.630000114440918,,0.6919999718666077,,11.824999809265137,,1.0,point
280,MSC,Michigan State University Herbarium,2023.0,,,42.82457,-84.38731,,,MSC0292632,7/27/23,,7.0,2026_dataset,1.1132000000000002,195.25100708007812,,16.209999084472656,,27.749000549316406,,21.979000091552734,,16.79199981689453,,0.9330000281333923,,17.981000900268555,,1.0,point
281,MSC,Michigan State University Herbarium,2022.0,,,43.72648,-82.62783,,,MSC0287711,9/5/22,,9.0,2026_dataset,1.1132000000000002,49.86899948120117,,13.265999794006348,,22.09000015258789,,17.67799949645996,,13.065999984741211,,0.878000020980835,,11.439000129699707,,1.0,point
282,MSC,Michigan State University Herbarium,2022.0,,,43.72648,-82.62783,,,MSC0287712,9/5/22,,9.0,2026_dataset,1.1132000000000002,49.86899948120117,,13.265999794006348,,22.09000015258789,,17.67799949645996,,13.065999984741211,,0.878000020980835,,11.439000129699707,,1.0,point
283,NY,New York BG,2012.0,,,30.0549,-90.372425,,2127909,13009,10/3/12,,10.0,2026_dataset,11.132,36.058990478515625,,16.07000160217285,,26.190000534057617,,21.130001068115234,,15.105999946594238,,1.6169999837875366,,17.444000244140625,,1.0,point
284,NY,New York BG,2012.0,,,30.179886,-97.740225,M,200436,,7/26/12,,7.0,2026_dataset,0.1113199999999999,181.63424682617188,,22.750001907348633,,34.93000030517578,,28.840002059936523,,21.184999465942383,,1.253000020980835,,33.85499954223633,,1.0,point
285,NY,New York BG,2012.0,,,30.180186,-97.744536,M,200419,,7/25/12,,7.0,2026_dataset,0.1113199999999999,181.63424682617188,,22.750001907348633,,34.93000030517578,,28.840002059936523,,21.184999465942383,,1.253000020980835,,33.85499954223633,,1.0,point
286,NY,New York BG,1999.0,,,33.088374,-91.372894,,3364726,163549,10/1/99,,10.0,2026_dataset,0.1113199999999999,30.57200050354004,,9.74000072479248,,26.520000457763672,,18.130001068115234,,11.041999816894531,,0.47600001096725464,,22.06399917602539,,1.0,point
287,NY,New York BG,1994.0,,,33.196271,-91.1252,,3365163,142791,9/30/94,,9.0,2026_dataset,9.315257031416474,70.03199768066406,,16.409000396728516,,30.310001373291016,,23.360000610351562,,17.43899917602539,,0.6589999794960022,,24.099000930786133,,1.0,point
288,NY,New York BG,1993.0,,,33.73,-96.77,,3364698,43986,9/29/93,,9.0,2026_dataset,1113.2,137.6320037841797,0.35869622230529785,16.1512508392334,0.06686323881149292,29.660001754760742,0.0,22.907501220703125,0.03269154205918312,15.802499771118164,0.03550004959106445,1.6505000591278076,0.07704056799411774,23.775501251220703,0.027207443490624428,4.0,area
289,NY,New York BG,1999.0,,,33.771768,-93.030094,,3364725,163230,9/26/99,,9.0,2026_dataset,0.1113199999999999,35.823001861572266,,14.24000072479248,,31.01000213623047,,22.630001068115234,,15.22599983215332,,0.7419999837875366,,28.288999557495117,,1.0,point
290,NY,New York BG,2010.0,,,36.5564,-89.9542,,3364790,57124,6/11/10,,6.0,2026_dataset,11.132,2.599823474884033,,22.39000129699707,,34.25,,28.32000160217285,,21.325000762939453,,2.309000015258789,,30.08300018310547,,1.0,point
291,NY,New York BG,2015.0,,,39.47811,-118.80911,,2633747,17231,9/8/15,,9.0,2026_dataset,1.1132000000000002,0.0,,8.34000015258789,,30.110000610351562,,19.23000144958496,,-1.184000015258789,,5.540999889373779,,38.17900085449219,,1.0,point
292,NY,New York BG,2009.0,,,39.7128,-91.3558,,3364720,56468,8/31/09,,8.0,2026_dataset,11.132,144.63174438476562,,17.040000915527344,,27.440000534057617,,22.240001678466797,,17.816999435424805,,1.1490000486373901,,15.968999862670898,,1.0,point
293,NY,New York BG,2000.0,,,42.708038,-90.983142,,3365151,51039,9/24/00,,9.0,2026_dataset,0.1113199999999999,68.65899658203125,,11.790000915527344,,24.43000030517578,,18.110000610351562,,11.866000175476074,,1.4249999523162842,,17.027000427246094,,1.0,point
294,NY,New York BG,2000.0,,,42.708038,-90.983142,,3365152,51038,9/24/00,,9.0,2026_dataset,0.1113199999999999,68.65899658203125,,11.790000915527344,,24.43000030517578,,18.110000610351562,,11.866000175476074,,1.4249999523162842,,17.027000427246094,,1.0,point
295,NY,New York BG,2010.0,,,43.1842,-90.4433,,3364723,57223,9/4/10,,9.0,2026_dataset,11.132,113.98250579833984,,9.950000762939453,,22.57000160217285,,16.260000228881836,,11.307999610900879,,0.8870000243186951,,14.102999687194824,,1.0,point
296,NY,New York BG,2010.0,,,43.1842,-90.4433,,3364724,57222,9/4/10,,9.0,2026_dataset,11.132,113.98250579833984,,9.950000762939453,,22.57000160217285,,16.260000228881836,,11.307999610900879,,0.8870000243186951,,14.102999687194824,,1.0,point
297,NY,New York BG,2011.0,,,43.2111,-90.3061,,3365150,58153,10/3/11,,10.0,2026_dataset,11.132,34.03468704223633,,3.1500000953674316,,18.520000457763672,,10.84000015258789,,3.8469998836517334,,0.7049999833106995,,14.47599983215332,,1.0,point
298,PRC,Billie L Turner Plant Resources Center ,2006.0,,,28.12028,-98.76311,,,TEX00446609,,,10.0,2026_dataset,1.1132000000000002,51.004478454589844,,16.760000228881836,,29.380001068115234,,23.07000160217285,,16.7189998626709,,1.2319999933242798,,22.72100067138672,,1.0,point
299,PRC,Billie L Turner Plant Resources Center ,2016.0,,,28.65297,-97.38194,,,TEX00493983 A,,,5.0,2026_dataset,1.1132000000000002,183.7760009765625,,19.34000015258789,,29.900001525878906,,24.6200008392334,,20.18199920654297,,0.5429999828338623,,18.424999237060547,,1.0,point
300,PRC,Billie L Turner Plant Resources Center ,2016.0,,,28.65297,-97.38194,,,TEX00493983 B,,,5.0,2026_dataset,1.1132000000000002,183.7760009765625,,19.34000015258789,,29.900001525878906,,24.6200008392334,,20.18199920654297,,0.5429999828338623,,18.424999237060547,,1.0,point
301,PRC,Billie L Turner Plant Resources Center ,2016.0,,,29.572783,-97.975783,,,TEX00575555,,,9.0,2026_dataset,0.1113199999999999,88.13600158691406,,21.48000144958496,,32.81999969482422,,27.150001525878906,,21.659000396728516,,0.7689999938011169,,25.566999435424805,,1.0,point
302,PRC,Billie L Turner Plant Resources Center ,2012.0,,,30.14887,-98.00535,,,TEX00566862,,,12.0,2026_dataset,1.1132000000000002,8.599291801452637,,5.630000114440918,,19.470001220703125,,12.550000190734863,,4.410999774932861,,1.3589999675750732,,14.232999801635742,,1.0,point
303,PRC,Billie L Turner Plant Resources Center ,2017.0,,,30.24694,-97.699889,,,TEX00583385,,,11.0,2026_dataset,1.1132000000000002,20.31599998474121,,12.390000343322754,,23.09000015258789,,17.740001678466797,,12.664999961853027,,0.5410000085830688,,12.767999649047852,,1.0,point
304,PRC,Billie L Turner Plant Resources Center ,2017.0,,,30.24694,-97.699889,,,TEX00583386,,,11.0,2026_dataset,1.1132000000000002,20.31599998474121,,12.390000343322754,,23.09000015258789,,17.740001678466797,,12.664999961853027,,0.5410000085830688,,12.767999649047852,,1.0,point
305,PRC,Billie L Turner Plant Resources Center ,2001.0,,,30.356,-96.1893,,,TEX00428660,,,8.0,2026_dataset,111.32,108.08799743652344,,22.290000915527344,,36.810001373291016,,29.55000114440918,,21.972000122070312,,0.7590000033378601,,39.68600082397461,,1.0,point
306,PRC,Billie L Turner Plant Resources Center ,2018.0,,,30.712106,-97.29599,,,TEX00516722,,,7.0,2026_dataset,0.9570674438341034,49.39400100708008,,23.380001068115234,,36.540000915527344,,29.96000099182129,,20.298999786376953,,2.2300000190734863,,41.98099899291992,,1.0,point
307,PRC,Billie L Turner Plant Resources Center ,2009.0,,,32.6225,-97.62319,,,TEX00455019,,,9.0,2026_dataset,11.132,210.5225372314453,,17.770000457763672,,28.660001754760742,,23.220001220703125,,16.62299919128418,,1.812000036239624,,22.36400032043457,,1.0,point
308,PRC,Billie L Turner Plant Resources Center ,2008.0,,,33.34414,-102.60536,,,TEX00492263,,,9.0,2026_dataset,1.1132000000000002,49.246280670166016,,11.8100004196167,,26.680002212524414,,19.25,,12.442000389099121,,0.4699999988079071,,21.81599998474121,,1.0,point
309,PRC,Billie L Turner Plant Resources Center ,1993.0,,,33.73333,-96.56667,,,TEX00297529,,,9.0,2026_dataset,1.1132000000000002,121.62200164794922,,16.48000144958496,,29.3700008392334,,22.93000030517578,,15.979000091552734,,1.7580000162124634,,22.76300048828125,,1.0,point
310,UNA,University of Alabama ,2002.0,,,31.31,-85.49,,,UNA00059515,8-Sep-02,8.0,9.0,2026_dataset,1113.2,96.60494232177734,1.0574930906295776,21.229999542236328,0.04147309437394142,30.636001586914062,0.013564970344305038,26.018001556396484,0.01166138518601656,21.011798858642578,0.0462791882455349,0.8510000109672546,0.039673659950494766,20.4075984954834,0.07899489253759384,5.0,area
311,UNA,University of Alabama ,2003.0,,,32.51,-87.82,,,UNA00061124,5/10/03,10.0,5.0,2026_dataset,1113.2,170.63601684570312,2.1971964836120605,17.918001174926758,0.017204245552420616,28.28400230407715,0.07838360220193863,23.104000091552734,0.03826221078634262,17.979000091552734,0.001095539890229702,0.902199923992157,0.009019982069730759,17.7992000579834,0.20477843284606934,5.0,area
312,UNA,University of Alabama ,2005.0,,,32.53,-86.31,,,UNA00066381,6/18/05,18.0,6.0,2026_dataset,1113.2,131.51226806640625,3.9532079696655273,20.094999313354492,0.04856293275952339,30.771665573120117,0.06841520220041275,25.436668395996094,0.051207978278398514,20.14933204650879,0.0034480998292565346,0.9883334040641785,0.04103117063641548,21.774168014526367,0.19522152841091156,6.0,area
313,UNA,University of Alabama ,2007.0,,,33.19,-86.77,,,UNA00069077,6/2/07,2.0,6.0,2026_dataset,1113.2,65.93631744384766,1.2831827402114868,19.992000579833984,0.10027941316366196,33.316001892089844,0.053888846188783646,26.6560001373291,0.058171626180410385,17.368600845336914,0.07015545666217804,2.500199794769287,0.11087357997894287,33.829200744628906,0.116713747382164,5.0,area
314,UNA,University of Alabama ,1996.0,,,33.51,-86.82,,,UNA00047127,7/1/96,,7.0,2026_dataset,1113.2,186.29840087890625,1.0152138471603394,20.832002639770508,0.1545833796262741,32.361602783203125,0.04125402867794037,26.60000228881836,0.06511536240577698,20.38479995727539,0.05641074478626251,1.419800043106079,0.16484344005584717,25.26340103149414,0.15046940743923187,5.0,area
315,UNA,University of Alabama ,2002.0,,,33.51,-86.82,,,UNA00059326,7/25/02,25.0,7.0,2026_dataset,1113.2,119.92708587646484,4.565083980560303,22.000001907348633,0.10733087360858917,32.44960021972656,0.06092789024114609,27.224002838134766,0.03498590365052223,21.599597930908203,0.029513606801629066,1.57260000705719,0.10597849637269974,23.159399032592773,0.17382320761680603,5.0,area
316,UNA,University of Alabama ,1959.0,,,34.906368,-90.551726,,,UNA00033219,13-Sep-59,,9.0,2026_dataset,0.1113199999999999,107.75599670410156,,17.73000144958496,,30.150001525878906,,23.940000534057617,,18.263999938964844,,1.0260000228881836,,21.628000259399414,,1.0,point
317,UNA,University of Alabama ,2002.0,,,33.51,-86.82,,,UNA00059327,7/25/02,,7.0,2026_dataset,1113.2,119.92708587646484,4.565083980560303,22.000001907348633,0.10733087360858917,32.44960021972656,0.06092789024114609,27.224002838134766,0.03498590365052223,21.599597930908203,0.029513606801629066,1.57260000705719,0.10597849637269974,23.159399032592773,0.17382320761680603,5.0,area
318,USF,University of South Florida Herbarium ,1994.0,,,37.69685576,-88.12140628,,215648,,9/22/94,,,2026_dataset,0.0011132,,,,,,,,,,,,,,,,
319,USF,University of South Florida Herbarium ,1995.0,,,40.11611,-87.76667,,212270,,9/6/95,,,2026_dataset,1.1132000000000002,,,,,,,,,,,,,,,,
320,USF,University of South Florida Herbarium ,2005.0,,,41.6361,-88.5061,,267244,,8/26/05,,,2026_dataset,11.132,,,,,,,,,,,,,,,,
321,USF,University of South Florida Herbarium ,1956.0,,,44.0056,-91.4422,F,72633,,8/1/56,,8.0,2026_dataset,11.132,89.89299774169922,,15.860000610351562,,27.330001831054688,,21.600000381469727,,16.02199935913086,,1.0950000286102295,,18.18199920654297,,1.0,point
322,UWGB,Fewless Herbarium,2004.0,,,44.38187,-88.60318,,,UWGB001308,10/24/04,,10.0,2026_dataset,1.1132000000000002,86.37610626220703,,3.56000018119812,,15.270000457763672,,9.420000076293945,,4.798999786376953,,0.30300000309944153,,9.206000328063965,,1.0,point
323,UWGB,Fewless Herbarium,2016.0,,,44.47322,-88.05451,,,UWGB001254,8/4/16,,8.0,2026_dataset,1.1132000000000002,51.87600326538086,,16.159000396728516,,27.270000457763672,,21.71000099182129,,18.040000915527344,,0.12300000339746475,,15.550999641418457,,1.0,point
324,UWGB,Fewless Herbarium,1999.0,,,44.5782,-87.90464,,,UWGB001256,9/14/99,,9.0,2026_dataset,11.132,42.56999969482422,,8.24000072479248,,21.14000129699707,,14.690000534057617,,9.942000389099121,,0.47999998927116394,,13.47700023651123,,1.0,point
325,UWGB,Fewless Herbarium,1999.0,,,44.58002,-87.90894,,,UWGB001257,7/21/99,,7.0,2026_dataset,1.1132000000000002,138.8040008544922,,16.84000015258789,,27.110000610351562,,21.98000144958496,,17.264999389648438,,1.187999963760376,,16.152000427246094,,1.0,point
326,UWGB,Fewless Herbarium,2001.0,,,44.60018,-88.02427,,,UWGB001255,8/12/01,,8.0,2026_dataset,1.1132000000000002,114.15299987792969,,15.430000305175781,,27.220001220703125,,21.34000015258789,,16.298999786376953,,0.6480000019073486,,18.018999099731445,,1.0,point
327,UWGB,Fewless Herbarium,1998.0,,,44.730833,-88.56517,,,UWGB001261,9/16/98,,9.0,2026_dataset,0.7908404879893496,92.84099578857422,,9.5,,25.170001983642578,,17.34000015258789,,12.354000091552734,,0.1850000023841858,,17.75200080871582,,1.0,point
328,UWGB,Fewless Herbarium,1991.0,,,45.08584,-87.58885,,,UWGB001260,9/12/91,,9.0,2026_dataset,1.1132000000000002,77.22900390625,,9.470000267028809,,19.610000610351562,,14.540000915527344,,8.29699993133545,,2.0230000019073486,,11.92300033569336,,1.0,point
329,TAC,Tarleton State University ,2001.0,,,32.071669,-98.494947,,,TAC05642,5/20/01,,5.0,2026_dataset,0.1113199999999999,51.66600036621094,,16.490001678466797,,29.990001678466797,,23.240001678466797,,16.27899932861328,,1.253000020980835,,24.76799964904785,,1.0,point
330,TAC,Tarleton State University ,2001.0,,,31.969722,-98.476944,,,TAC05487,6/23/01,,6.0,2026_dataset,0.1113199999999999,9.230000495910645,,19.21000099182129,,35.040000915527344,,27.130001068115234,,18.17300033569336,,1.409999966621399,,37.22200012207031,,1.0,point
331,TAC,Tarleton State University ,2001.0,,,32.071669,-98.494947,,,TAC05644,5/20/01,,5.0,2026_dataset,0.1113199999999999,51.66600036621094,,16.490001678466797,,29.990001678466797,,23.240001678466797,,16.27899932861328,,1.253000020980835,,24.76799964904785,,1.0,point
332,TAC,Tarleton State University ,2001.0,,,31.969722,-98.476944,,,TAC05588,9/27/01,,9.0,2026_dataset,0.1113199999999999,90.7770004272461,,15.090001106262207,,30.85000228881836,,22.970001220703125,,16.749000549316406,,0.0,,26.023000717163086,,1.0,point
333,TAC,Tarleton State University ,2002.0,,,32.323579,-98.641499,,,TAC00383,8/25/02,,8.0,2026_dataset,0.1113199999999999,70.03657531738281,,21.360000610351562,,35.470001220703125,,28.420001983642578,,19.51099967956543,,2.555999994277954,,36.96200180053711,,1.0,point
334,TAC,Tarleton State University ,2001.0,,,32.071669,-98.494947,,,TAC05643,5/20/01,,5.0,2026_dataset,0.1113199999999999,51.66600036621094,,16.490001678466797,,29.990001678466797,,23.240001678466797,,16.27899932861328,,1.253000020980835,,24.76799964904785,,1.0,point
335,TAC,Tarleton State University ,2001.0,,,32.071669,-98.494947,,,TAC05640,5/20/01,,5.0,2026_dataset,0.1113199999999999,51.66600036621094,,16.490001678466797,,29.990001678466797,,23.240001678466797,,16.27899932861328,,1.253000020980835,,24.76799964904785,,1.0,point
336,TAC,Tarleton State University ,2001.0,,,31.969722,-98.476944,,,TAC05402,6/23/01,,6.0,2026_dataset,0.1113199999999999,9.230000495910645,,19.21000099182129,,35.040000915527344,,27.130001068115234,,18.17300033569336,,1.409999966621399,,37.22200012207031,,1.0,point
337,TAC,Tarleton State University ,2001.0,,,31.969722,-98.476944,,,TAC05389,6/23/01,,6.0,2026_dataset,0.1113199999999999,9.230000495910645,,19.21000099182129,,35.040000915527344,,27.130001068115234,,18.17300033569336,,1.409999966621399,,37.22200012207031,,1.0,point
338,TAC,Tarleton State University ,2001.0,,,31.969722,-98.476944,,,TAC05478,9/12/01,,9.0,2026_dataset,0.1113199999999999,90.7770004272461,,15.090001106262207,,30.85000228881836,,22.970001220703125,,16.749000549316406,,0.0,,26.023000717163086,,1.0,point
339,TAC,Tarleton State University ,2001.0,,,32.071669,-98.494947,,,TAC05641,5/20/01,,5.0,2026_dataset,0.1113199999999999,51.66600036621094,,16.490001678466797,,29.990001678466797,,23.240001678466797,,16.27899932861328,,1.253000020980835,,24.76799964904785,,1.0,point
340,TAC,Tarleton State University ,2001.0,,,31.969722,-98.476944,,,TAC05382,6/23/01,,6.0,2026_dataset,0.1113199999999999,9.230000495910645,,19.21000099182129,,35.040000915527344,,27.130001068115234,,18.17300033569336,,1.409999966621399,,37.22200012207031,,1.0,point
341,ILLS,INHS/ILLS Herbarium ,2000.0,,,39.982275,-90.525964,,205271,,6/7/00,,6.0,2026_dataset,0.1113199999999999,159.468994140625,,15.630001068115234,,26.950000762939453,,21.290000915527344,,16.065000534057617,,0.9860000014305115,,16.764999389648438,,1.0,point
342,ILLS,INHS/ILLS Herbarium ,2006.0,,,40.72222,-89.5526,,236942,,9/21/06,,9.0,2026_dataset,8.436735605678477,38.88246154785156,,11.790000915527344,,24.220001220703125,,18.010000228881836,,12.166999816894531,,1.062999963760376,,17.1560001373291,,1.0,point
343,ILLS,INHS/ILLS Herbarium ,2006.0,,,40.48157,-89.92232,,235960,,10/10/06,,10.0,2026_dataset,1.1132000000000002,52.51393508911133,,3.950000286102295,,17.720001220703125,,10.84000015258789,,4.245999813079834,,0.7289999723434448,,14.409000396728516,,1.0,point
344,ILLS,INHS/ILLS Herbarium ,2005.0,,,41.457917,-88.308444,,242814,,8/3/05,,8.0,2026_dataset,0.1113199999999999,72.29564666748047,,17.100000381469727,,28.530000686645508,,22.82000160217285,,17.488000869750977,,1.222000002861023,,19.1560001373291,,1.0,point
345,ILLS,INHS/ILLS Herbarium ,2008.0,,,40.78627,-89.53815,,243425,,9/3/08,,9.0,2026_dataset,1.1132000000000002,310.5899658203125,,13.520000457763672,,24.93000030517578,,19.23000144958496,,14.479000091552734,,1.1339999437332153,,15.597999572753906,,1.0,point
346,ILLS,INHS/ILLS Herbarium ,2005.0,,,42.35383,-87.93063,,252874,,8/9/05,,8.0,2026_dataset,1.1132000000000002,87.45243835449219,,17.59000015258789,,28.020000457763672,,22.810001373291016,,16.66200065612793,,1.9299999475479126,,19.66699981689453,,1.0,point
347,ILLS,INHS/ILLS Herbarium ,2005.0,,,40.36139,-89.11697,,254459,,10/11/05,,10.0,2026_dataset,1.1132000000000002,29.17559814453125,,6.0400004386901855,,19.660001754760742,,12.850000381469727,,7.039999961853027,,0.5799999833106995,,14.041000366210938,,1.0,point
348,ILLS,INHS/ILLS Herbarium ,2006.0,,,41.63887,-89.53553,,257883,,9/13/06,,9.0,2026_dataset,1.1132000000000002,70.96633911132812,,10.040000915527344,,22.500001907348633,,16.270000457763672,,11.211000442504883,,0.722000002861023,,14.105999946594238,,1.0,point
349,ILLS,INHS/ILLS Herbarium ,2000.0,,,41.64748,-89.48854,,261418,,9/5/00,,9.0,2026_dataset,1.1132000000000002,98.572998046875,,11.09000015258789,,24.990001678466797,,18.040000915527344,,11.222999572753906,,1.5379999876022339,,18.641000747680664,,1.0,point
350,ILLS,INHS/ILLS Herbarium ,2000.0,,,41.63124,-89.50488,,261447,,9/5/00,,9.0,2026_dataset,1.1132000000000002,94.5199966430664,,11.15000057220459,,24.98000144958496,,18.07000160217285,,11.060999870300293,,1.7109999656677246,,18.756999969482422,,1.0,point
351,ILLS,INHS/ILLS Herbarium ,1992.0,,,37.826613,-89.516352,,180140,,9/3/92,,9.0,2026_dataset,0.1113199999999999,118.23400115966797,,13.620000839233398,,25.880001068115234,,19.75,,15.012999534606934,,0.7149999737739563,,15.751999855041504,,1.0,point
352,ILLS,INHS/ILLS Herbarium ,1992.0,,,40.225681,-87.755173,,193905,,9/28/92,,9.0,2026_dataset,0.1113199999999999,87.10299682617188,,11.99000072479248,,24.520000457763672,,18.260000228881836,,13.133999824523926,,0.8970000147819519,,15.439000129699707,,1.0,point
353,ILLS,INHS/ILLS Herbarium ,2009.0,,,40.65987,-89.1265,,249188,,8/13/09,,8.0,2026_dataset,8.444633679909611,104.28712463378906,,15.370000839233398,,26.850000381469727,,21.110000610351562,,17.065000534057617,,0.5759999752044678,,15.939000129699707,,1.0,point
354,ILLS,INHS/ILLS Herbarium ,1994.0,,,39.19449,-89.59315,,260651,,8/13/94,,8.0,2026_dataset,1.1132000000000002,57.74800109863281,,16.659000396728516,,29.940000534057617,,23.30000114440918,,16.89699935913086,,1.9049999713897705,,23.41200065612793,,1.0,point
355,ILLS,INHS/ILLS Herbarium ,2009.0,,,40.0531,-87.9919,,247720,,9/30/09,,9.0,2026_dataset,11.132,23.361276626586914,,12.770000457763672,,24.650001525878906,,18.71000099182129,,13.876999855041504,,0.7829999923706055,,15.3149995803833,,1.0,point
356,IND,Indiana University Deam Herbarium,2023.0,,,38.442791,-87.633932,M,7937,IND-0165046,8/17/23,17.0,8.0,2026_dataset,0.1113199999999999,138.031005859375,,18.482999801635742,,29.929000854492188,,24.20599937438965,,20.239999771118164,,0.3880000114440918,,18.781999588012695,,1.0,point
357,IND,Indiana University Deam Herbarium,2023.0,,,40.339616,-87.312216,M,7792,IND-0164900,7/27/23,27.0,7.0,2026_dataset,0.1113199999999999,204.41200256347656,,17.516000747680664,,29.43600082397461,,23.47599983215332,,18.9950008392334,,0.5479999780654907,,18.93600082397461,,1.0,point
358,IND,Indiana University Deam Herbarium,2022.0,,,39.227208,-87.574407,M,5048,IND-0162122,9/1/22,1.0,9.0,2026_dataset,0.1113199999999999,42.72800064086914,,13.503000259399414,,26.174999237060547,,19.839000701904297,,15.256999969482422,,0.33399999141693115,,16.034000396728516,,1.0,point
359,IND,Indiana University Deam Herbarium,2022.0,,,39.355647,-87.516402,M,5030,IND-0162105,9/1/22,1.0,9.0,2026_dataset,0.1113199999999999,28.549999237060547,,13.39799976348877,,26.195999145507812,,19.797000885009766,,15.079999923706055,,0.4699999988079071,,16.354999542236328,,1.0,point
360,IND,Indiana University Deam Herbarium,2022.0,,,39.601103,-87.411871,M,4824,IND-0161898,8/20/22,20.0,8.0,2026_dataset,0.1113199999999999,187.4340057373047,,17.82699966430664,,29.05900001525879,,23.44300079345703,,19.500999450683594,,0.44699999690055847,,16.847000122070312,,1.0,point
361,IND,Indiana University Deam Herbarium,2022.0,,,40.414807,-87.344279,M,4673,IND-0161743,8/14/22,14.0,8.0,2026_dataset,0.1113199999999999,147.7270050048828,,16.64900016784668,,28.14699935913086,,22.398000717163086,,18.086999893188477,,0.5,,16.735000610351562,,1.0,point
362,IND,Indiana University Deam Herbarium,2022.0,,,40.474649,-86.877481,F,5275,IND-0162338,9/22/22,22.0,9.0,2026_dataset,0.1113199999999999,48.05799865722656,,12.968999862670898,,25.10099983215332,,19.03499984741211,,14.151000022888184,,0.7710000276565552,,15.711000442504883,,1.0,point
363,IND,Indiana University Deam Herbarium,2022.0,,,38.087525,-87.955129,M,5153,IND-0162217,9/8/22,8.0,9.0,2026_dataset,0.1113199999999999,93.7969970703125,,14.428999900817871,,27.565000534057617,,20.996999740600586,,15.38700008392334,,0.5820000171661377,,19.483999252319336,,1.0,point
364,IND,Indiana University Deam Herbarium,2022.0,,,39.779489,-87.384353,M,4894,IND-0161969,8/21/22,21.0,8.0,2026_dataset,0.1113199999999999,131.69500732421875,,17.264999389648438,,28.816999435424805,,23.041000366210938,,19.000999450683594,,0.42899999022483826,,17.06800079345703,,1.0,point
365,IND,Indiana University Deam Herbarium,2022.0,,,39.890452,-87.186677,M,4573,IND-0161642,8/7/22,7.0,8.0,2026_dataset,0.1113199999999999,113.6760025024414,,16.60700035095215,,28.743999481201172,,22.674999237060547,,17.95599937438965,,0.6330000162124634,,18.951000213623047,,1.0,point
366,IND,Indiana University Deam Herbarium,2022.0,,,38.590679,-87.639014,M,4251,IND-0161329,7/16/22,16.0,7.0,2026_dataset,0.1113199999999999,263.70599365234375,,20.70199966430664,,30.457000732421875,,25.579999923706055,,21.466999053955078,,0.7680000066757202,,17.843000411987305,,1.0,point
367,IND,Indiana University Deam Herbarium,2022.0,,,38.08482,-87.951071,F,5556,IND-0162620,10/12/22,12.0,10.0,2026_dataset,1.1132000000000002,58.762001037597656,,5.260000228881836,,21.091999053955078,,13.175999641418457,,4.939000129699707,,1.194000005722046,,16.875999450683594,,1.0,point
368,IND,Indiana University Deam Herbarium,2022.0,,,37.876235,-88.051181,M,5135,IND-0162199,9/7/22,7.0,9.0,2026_dataset,0.1113199999999999,68.69499969482422,,14.39799976348877,,27.95599937438965,,21.177000045776367,,15.477999687194824,,0.527999997138977,,20.538999557495117,,1.0,point
369,IND,Indiana University Deam Herbarium,2022.0,,,39.391093,-87.523729,M,4983,IND-0162059,8/31/22,31.0,8.0,2026_dataset,0.1113199999999999,120.3550033569336,,17.89699935913086,,28.927000045776367,,23.41200065612793,,19.465999603271484,,0.4790000021457672,,16.402000427246094,,1.0,point
370,IND,Indiana University Deam Herbarium,2022.0,,,39.859118,-87.28957,M,4917,IND-0161992,8/21/22,21.0,8.0,2026_dataset,0.8545175308180658,132.76300048828125,,16.988000869750977,,29.354000091552734,,23.17099952697754,,18.5049991607666,,0.5590000152587891,,19.927000045776367,,1.0,point
371,IND,Indiana University Deam Herbarium,2022.0,,,39.890452,-87.186677,M,4574,IND-0161643,8/7/22,7.0,8.0,2026_dataset,0.1113199999999999,113.6760025024414,,16.60700035095215,,28.743999481201172,,22.674999237060547,,17.95599937438965,,0.6330000162124634,,18.951000213623047,,1.0,point
372,IND,Indiana University Deam Herbarium,2022.0,,,38.087525,-87.955129,M,5151,IND-0162215,9/8/22,8.0,9.0,2026_dataset,0.1113199999999999,93.7969970703125,,14.428999900817871,,27.565000534057617,,20.996999740600586,,15.38700008392334,,0.5820000171661377,,19.483999252319336,,1.0,point
373,IND,Indiana University Deam Herbarium,2022.0,,,39.659596,-87.38441,M,4846,IND-0161921,8/20/22,20.0,8.0,2026_dataset,0.8569968104989544,178.96499633789062,,17.709999084472656,,28.97800064086914,,23.3439998626709,,19.215999603271484,,0.5360000133514404,,17.180999755859375,,1.0,point
374,IND,Indiana University Deam Herbarium,2021.0,,,40.336252,-87.163204,M,3226,IND-0160440,8/16/21,16.0,8.0,2026_dataset,0.1113199999999999,38.07400131225586,,18.836999893188477,,29.792999267578125,,24.315000534057617,,19.378999710083008,,1.8029999732971191,,19.660999298095703,,1.0,point
375,IND,Indiana University Deam Herbarium,2021.0,,,40.381409,-87.082133,F,3280,IND-0160499,8/18/21,18.0,8.0,2026_dataset,0.1113199999999999,32.077999114990234,,18.858999252319336,,29.77400016784668,,24.316999435424805,,19.36199951171875,,1.7630000114440918,,19.624000549316406,,1.0,point
376,IND,Indiana University Deam Herbarium,1908.0,,,48.288888,-99.437635,M,s.n.,IND-0088754,8/15/08,15.0,8.0,2026_dataset,0.1113199999999999,69.677001953125,,7.880000591278076,,24.98000144958496,,16.43000030517578,,8.888999938964844,,0.6880000233650208,,20.702999114990234,,1.0,point
377,IND,Indiana University Deam Herbarium,1976.0,,,45.5,-73.583333,M,B76-736,IND-0088759,8/24/76,24.0,8.0,2026_dataset,11132.0,,,,,,,,,,,,,,,0.0,
378,IND,Indiana University Deam Herbarium,1941.0,,,37.870283,-87.634147,M,s.n.,IND-0088731,11/7/41,7.0,11.0,2026_dataset,0.1113199999999999,70.55799865722656,,2.3600001335144043,,14.380001068115234,,8.370000839233398,,2.6640000343322754,,0.9229999780654907,,8.496000289916992,,1.0,point
379,IND,Indiana University Deam Herbarium,1936.0,,,40.857577,-87.354358,M,57326,IND-0088711,9/7/36,7.0,9.0,2026_dataset,0.1113199999999999,143.24600219726562,,14.540000915527344,,27.30000114440918,,20.920000076293945,,14.982000350952148,,1.1710000038146973,,19.53499984741211,,1.0,point
380,IND,Indiana University Deam Herbarium,1918.0,,,41.275398,-87.072552,F,26526,IND-0088719,9/15/18,15.0,9.0,2026_dataset,0.1113199999999999,83.18800354003906,,7.190000534057617,,20.830001831054688,,14.010000228881836,,9.182999610900879,,0.19900000095367432,,12.994000434875488,,1.0,point
381,IND,Indiana University Deam Herbarium,1977.0,,,39.919349,-87.423004,F,2135,IND-0088733,10/7/77,7.0,10.0,2026_dataset,0.1113199999999999,120.56300354003906,,5.320000171661377,,17.8700008392334,,11.600000381469727,,6.49399995803833,,0.6430000066757202,,10.10099983215332,,1.0,point
382,IND,Indiana University Deam Herbarium,2005.0,,,39.480712,-87.420672,M,051003a7,IND-0088736,10/3/05,3.0,10.0,2026_dataset,0.1113199999999999,31.775468826293945,,6.400000095367432,,20.530000686645508,,13.470000267028809,,7.947999954223633,,0.30799999833106995,,14.560999870300293,,1.0,point
383,IND,Indiana University Deam Herbarium,1992.0,,,40.103901,-85.617579,F,2749,IND-0088708,9/28/92,28.0,9.0,2026_dataset,0.1113199999999999,88.58000183105469,,11.430000305175781,,23.630001068115234,,17.530000686645508,,12.817000389099121,,0.6389999985694885,,13.88700008392334,,1.0,point
384,IND,Indiana University Deam Herbarium,1927.0,,,40.504987,-85.215735,F,45371,IND-0088681,9/12/27,12.0,9.0,2026_dataset,0.1113199999999999,80.03099822998047,,14.140000343322754,,27.400001525878906,,20.770000457763672,,13.737000465393066,,1.6970000267028809,,21.030000686645508,,1.0,point
385,IND,Indiana University Deam Herbarium,2005.0,,,39.481944,-87.4225,F,051003a28,IND-0088734,10/3/05,3.0,10.0,2026_dataset,8.59195586246587,31.881683349609375,,6.380000114440918,,20.720001220703125,,13.550000190734863,,7.913000106811523,,0.31299999356269836,,14.95199966430664,,1.0,point
386,IND,Indiana University Deam Herbarium,1939.0,,,38.911016,-87.478868,F,59427,IND-0088724,9/1/39,1.0,9.0,2026_dataset,0.1113199999999999,27.454999923706055,,15.100000381469727,,32.470001220703125,,23.790000915527344,,14.130000114440918,,2.375,,33.566001892089844,,1.0,point
387,IND,Indiana University Deam Herbarium,1938.0,,,40.506857,-85.08114,M,59138,IND-0088696,9/11/38,11.0,9.0,2026_dataset,0.8463973923300344,76.69400024414062,,13.020000457763672,,25.57000160217285,,19.30000114440918,,13.144000053405762,,1.3170000314712524,,17.854999542236328,,1.0,point
388,IND,Indiana University Deam Herbarium,1944.0,,,39.486922,-86.358805,F,s.n.,IND-0088710,7/10/44,10.0,7.0,2026_dataset,0.1113199999999999,39.564998626708984,,16.25,,32.659000396728516,,24.450000762939453,,14.831999778747559,,2.809000015258789,,33.499000549316406,,1.0,point
389,IND,Indiana University Deam Herbarium,2008.0,,,41.50505,-85.422758,M,158,IND-0088691,8/15/08,15.0,8.0,2026_dataset,1.1132000000000002,22.77081871032715,,14.350000381469727,,27.770000457763672,,21.060001373291016,,14.581999778747559,,1.0640000104904175,,21.719999313354492,,1.0,point
390,IND,Indiana University Deam Herbarium,1936.0,,,40.495424,-86.069294,M,s.n.,IND-0088693,9/6/36,6.0,9.0,2026_dataset,0.1113199999999999,165.18499755859375,,14.670001029968262,,27.73000144958496,,21.200000762939453,,14.470000267028809,,1.5989999771118164,,20.900999069213867,,1.0,point
391,IND,Indiana University Deam Herbarium,1987.0,,,38.756195,-90.188927,M,5725,IND-0088758,10/18/87,18.0,10.0,2026_dataset,0.1113199999999999,53.37699890136719,,6.020000457763672,,17.970001220703125,,12.000000953674316,,3.437999963760376,,2.0759999752044678,,13.03499984741211,,1.0,point
392,IND,Indiana University Deam Herbarium,2016.0,,,39.722669,-91.342189,M,s.n.,IND-0088757,8/24/16,24.0,8.0,2026_dataset,0.1113199999999999,123.70000457763672,,20.450000762939453,,29.73000144958496,,25.090002059936523,,21.086000442504883,,0.9259999990463257,,17.15399932861328,,1.0,point
393,IND,Indiana University Deam Herbarium,1941.0,,,37.941333,-87.461606,F,s.n.,IND-0088728,9/29/41,29.0,9.0,2026_dataset,0.1113199999999999,27.73200035095215,,15.970001220703125,,31.05000114440918,,23.510000228881836,,15.810999870300293,,1.7100000381469727,,27.207000732421875,,1.0,point
394,IND,Indiana University Deam Herbarium,1941.0,,,37.941333,-87.461606,M,s.n.,IND-0088732,9/5/41,5.0,9.0,2026_dataset,0.1113199999999999,27.73200035095215,,15.970001220703125,,31.05000114440918,,23.510000228881836,,15.810999870300293,,1.7100000381469727,,27.207000732421875,,1.0,point
395,IND,Indiana University Deam Herbarium,1945.0,,,38.008799,-86.083287,F,63715,IND-0088692,9/1/45,1.0,9.0,2026_dataset,0.1113199999999999,80.95800018310547,,16.57000160217285,,28.85000228881836,,22.71000099182129,,17.13599967956543,,1.1690000295639038,,19.885000228881836,,1.0,point
396,OKL,Oklahoma Biological Survey ,2013.0,,,34.4428897,-96.6230523,M,20002643,OKL270746,9/25/13,9.0,25.0,2026_dataset,0.011132,,,,,,,,,,,,,,,0.0,
397,OKL,Oklahoma Biological Survey ,2016.0,,,34.438548,-96.66927,M,20002630,OKL273087,10/12/16,10.0,12.0,2026_dataset,0.9180930067958772,25.06800079345703,,-0.7800000309944153,,11.080000877380371,,5.150000095367432,,-0.9610000252723694,,0.7590000033378601,,7.013999938964844,,1.0,point
398,OKL,Oklahoma Biological Survey ,2016.0,,,34.446861,-96.641521,M,20002624,OKL273080,8/26/16,8.0,26.0,2026_dataset,0.1113199999999999,,,,,,,,,,,,,,,0.0,
399,OKL,Oklahoma Biological Survey/Robert Bebb Herbarium,1990.0,,,33.932,-94.6961,,10206,OKL182688,5/1/96,22.0,234.0,2026_dataset,111.32,,,,,,,,,,,,,,,0.0,
400,OKL,Oklahoma Biological Survey/Robert Bebb Herbarium,1990.0,,,33.9466,-94.5566,M,10245,OKL182669,5/1/96,24.0,236.0,2026_dataset,11.132,,,,,,,,,,,,,,,0.0,
401,OKL,Oklahoma Biological Survey/Robert Bebb Herbarium,1996.0,,,34.499,-96.994,,CHK0830,OKL203099,8/9/96,9.0,222.0,2026_dataset,111.32,,,,,,,,,,,,,,,0.0,
402,OKL,Oklahoma Biological Survey/Robert Bebb Herbarium,1996.0,,,36.1808,-96.2423,M,127,OKL251634,7/3/96,3.0,185.0,2026_dataset,11.132,,,,,,,,,,,,,,,0.0,
403,OKL,Oklahoma Biological Survey/Robert Bebb Herbarium,1997.0,,,33.8262,-97.048,F,LV420,OKL206771,10/9/97,9.0,282.0,2026_dataset,92.47686378060152,,,,,,,,,,,,,,,0.0,
404,OKL,Oklahoma Biological Survey/Robert Bebb Herbarium,1998.0,,,33.8801,-97.9321,M,E557,OKL207958,9/10/98,10.0,253.0,2026_dataset,11.132,,,,,,,,,,,,,,,0.0,
405,OKL,Oklahoma Biological Survey/Robert Bebb Herbarium,1998.0,,,35.6171,-96.3434,M,DFX473,OKL209358,8/27/98,27.0,239.0,2026_dataset,11.132,,,,,,,,,,,,,,,0.0,
406,OKL,Oklahoma Biological Survey/Robert Bebb Herbarium,2000.0,,,35.6196,-96.0609,M,AB-901,OKL216585,10/24/00,24.0,298.0,2026_dataset,11.132,,,,,,,,,,,,,,,0.0,
407,OKL,Oklahoma Biological Survey/Robert Bebb Herbarium,2000.0,,,36.7344,-95.5397,F,OOL656,OKL214576,9/20/00,20.0,264.0,2026_dataset,11.132,,,,,,,,,,,,,,,0.0,
408,OKL,Oklahoma Biological Survey/Robert Bebb Herbarium,2001.0,,,35.8268,-99.0195,M,AB-1695,OKL218111,9/22/07,24.0,267.0,2026_dataset,11.132,,,,,,,,,,,,,,,0.0,
409,OKL,Oklahoma Biological Survey/Robert Bebb Herbarium,2001.0,,,36.2485,-97.3363,M,AB-318,OKL217652,8/28/01,28.0,240.0,2026_dataset,11.132,,,,,,,,,,,,,,,0.0,
410,OKL,Oklahoma Biological Survey/Robert Bebb Herbarium,2001.0,,,34.0046,-95.3736,,HUGO666,OKL218175,9/17/01,17.0,260.0,2026_dataset,11.132,,,,,,,,,,,,,,,0.0,
411,OKL,Oklahoma Biological Survey/Robert Bebb Herbarium,2002.0,,,36.2379,-98.9214,F,AB-2489,OKL221151,7/24/02,24.0,205.0,2026_dataset,11.132,,,,,,,,,,,,,,,0.0,
412,OKL,Oklahoma Biological Survey/Robert Bebb Herbarium,2002.0,,,34.9059,-98.5236,F,2604-bwh,OKL228000,9/4/02,4.0,247.0,2026_dataset,11.132,,,,,,,,,,,,,,,0.0,
413,OKL,Oklahoma Biological Survey/Robert Bebb Herbarium,2002.0,,,35.8834,-97.9899,M,AB-2490,OKL220305,7/24/02,24.0,205.0,2026_dataset,11.132,,,,,,,,,,,,,,,0.0,
414,OKL,Oklahoma Biological Survey/Robert Bebb Herbarium,2002.0,,,35.8834,-97.9899,M,AB-2517,OKL232718a,7/24/02,24.0,205.0,2026_dataset,11.132,,,,,,,,,,,,,,,0.0,
415,OKL,Oklahoma Biological Survey/Robert Bebb Herbarium,2002.0,,,36.2485,-97.3363,M,AB-2819,OKL218348,7/2/02,2.0,183.0,2026_dataset,11.132,,,,,,,,,,,,,,,0.0,
416,OKL,Oklahoma Biological Survey/Robert Bebb Herbarium,2002.0,,,35.1525,-97.1862,F,2732,OKL219813,10/2/02,2.0,275.0,2026_dataset,11.132,,,,,,,,,,,,,,,0.0,
417,OKL,Oklahoma Biological Survey/Robert Bebb Herbarium,2002.0,,,36.1504,-96.3974,M,KEY-311,OKL233217a,7/10/02,10.0,191.0,2026_dataset,11.132,,,,,,,,,,,,,,,0.0,
418,OKL,Oklahoma Biological Survey/Robert Bebb Herbarium,2003.0,,,36.9864,-101.388,M,76,OKL224303,8/30/03,30.0,242.0,2026_dataset,88.92000450123467,,,,,,,,,,,,,,,0.0,
419,OKL,Oklahoma Biological Survey/Robert Bebb Herbarium,2003.0,,,34.9059,-98.5236,,AB-7109,OKL235070a,6/3/03,3.0,154.0,2026_dataset,11.132,,,,,,,,,,,,,,,0.0,
420,OKL,Oklahoma Biological Survey/Robert Bebb Herbarium,2004.0,,,36.2904,-96.5379,M,AB-6385,OKL228105,10/1/04,1.0,275.0,2026_dataset,11.132,,,,,,,,,,,,,,,0.0,
421,OKL,Oklahoma Biological Survey/Robert Bebb Herbarium,2004.0,,,36.6849,-94.7236,M,AB-6715,OKL229497,9/23/04,23.0,267.0,2026_dataset,11.132,,,,,,,,,,,,,,,0.0,
422,OKL,Oklahoma Biological Survey/Robert Bebb Herbarium,2004.0,,,36.6849,-94.7236,M,AB-6729,OKL229586,9/23/04,23.0,267.0,2026_dataset,11.132,,,,,,,,,,,,,,,0.0,
423,OKL,Oklahoma Biological Survey/Robert Bebb Herbarium,2005.0,,,35.1819,-98.0653,M,44,OKL227592,1/1/10,16.0,197.0,2026_dataset,11.132,,,,,,,,,,,,,,,0.0,
424,OKL,Oklahoma Biological Survey/Robert Bebb Herbarium,2007.0,,,33.9458,-94.7531,,LR-516,OKL240537a,9/1/07,1.0,244.0,2026_dataset,11.132,,,,,,,,,,,,,,,0.0,
425,OKL,Oklahoma Biological Survey/Robert Bebb Herbarium,2010.0,,,36.2279,-95.8956,M,O-336,OKL257357,9/1/10,1.0,244.0,2026_dataset,11.132,,,,,,,,,,,,,,,0.0,
426,OKL,Oklahoma Biological Survey/Robert Bebb Herbarium,2011.0,,,36.2279,-95.8956,M,O-401,OKL254988,6/1/13,29.0,272.0,2026_dataset,11.132,,,,,,,,,,,,,,,0.0,
427,OKL,Oklahoma Biological Survey/Robert Bebb Herbarium,2013.0,,,36.85036,-102.87642,,BM-038,OKL270360,8/7/13,7.0,219.0,2026_dataset,1.1132000000000002,,,,,,,,,,,,,,,0.0,
428,OKL,Oklahoma Biological Survey/Robert Bebb Herbarium,2013.0,,,36.93687,-102.52358,M,BM-036,OKL270358,8/5/13,5.0,217.0,2026_dataset,1.1132000000000002,,,,,,,,,,,,,,,0.0,
429,OKL,Oklahoma Biological Survey/Robert Bebb Herbarium,2013.0,,,35.5737,-96.0064,F,DF-037,OKL259719,10/25/13,25.0,298.0,2026_dataset,11.132,,,,,,,,,,,,,,,0.0,
430,OKL,Oklahoma Biological Survey/Robert Bebb Herbarium,2014.0,,,35.5737,-96.0064,F,DF-036,OKL259720,9/19/14,19.0,262.0,2026_dataset,11.132,,,,,,,,,,,,,,,0.0,
431,OKL,Oklahoma Biological Survey/Robert Bebb Herbarium,2019.0,,,35.236094,-97.411508,M,AB-12189,OKL275779,,23.0,235.0,2026_dataset,0.1113199999999999,,,,,,,,,,,,,,,0.0,
432,TROY,The Troy University Herbarium,1987.0,,,36.65093,-89.130976,F,,TROY000013822,9/7/87,7.0,9.0,2026_dataset,1.1132000000000002,62.702999114990234,,13.330000877380371,,29.750001907348633,,21.540000915527344,,14.866000175476074,,0.20999999344348907,,25.788000106811523,,1.0,point
433,TROY,The Troy University Herbarium,1987.0,,,36.715307,-89.130777,M,,TROY000013820,7/5/87,5.0,7.0,2026_dataset,0.1113199999999999,76.07499694824219,,20.520000457763672,,32.52000045776367,,26.520000457763672,,21.167999267578125,,1.1200000047683716,,23.665000915527344,,1.0,point
434,TROY,The Troy University Herbarium,1987.0,,,36.715307,-89.130777,F,,TROY000013820,7/5/87,5.0,7.0,2026_dataset,0.1113199999999999,76.07499694824219,,20.520000457763672,,32.52000045776367,,26.520000457763672,,21.167999267578125,,1.1200000047683716,,23.665000915527344,,1.0,point
435,TROY,The Troy University Herbarium,1987.0,,,36.715307,-89.130777,M,,TROY000013821,7/18/87,18.0,7.0,2026_dataset,0.1113199999999999,76.07499694824219,,20.520000457763672,,32.52000045776367,,26.520000457763672,,21.167999267578125,,1.1200000047683716,,23.665000915527344,,1.0,point
436,TROY,The Troy University Herbarium,1989.0,,,36.715307,-89.130777,F,,TROY000013823,7/5/89,5.0,7.0,2026_dataset,0.1113199999999999,98.25800323486328,,19.8700008392334,,31.290000915527344,,25.580001831054688,,20.81399917602539,,0.3919999897480011,,21.80299949645996,,1.0,point
437,TROY,The Troy University Herbarium,1991.0,,,29.199922,-89.234316,,,TROY000013824,9/21/91,21.0,9.0,2026_dataset,0.1113199999999999,77.41400146484375,,22.670001983642578,,29.040000915527344,,25.860000610351562,,22.336999893188477,,1.6050000190734863,,12.954999923706055,,1.0,point
438,TROY,The Troy University Herbarium,2002.0,,,33.518889,-86.828889,,,TROY000013818,7/25/02,25.0,7.0,2026_dataset,0.1113199999999999,113.38762664794922,,22.130001068115234,,32.43000030517578,,27.280000686645508,,21.618999481201172,,1.6779999732971191,,23.047000885009766,,1.0,point
439,TROY,The Troy University Herbarium,2002.0,,,33.519167,-86.828889,,,TROY000013819,7/25/02,25.0,7.0,2026_dataset,0.1113199999999999,113.38762664794922,,22.130001068115234,,32.43000030517578,,27.280000686645508,,21.618999481201172,,1.6779999732971191,,23.047000885009766,,1.0,point
440,TROY,The Troy University Herbarium,2002.0,,,31.316667,-85.494167,,,TROY000000824,9/8/02,8.0,9.0,2026_dataset,0.1113199999999999,97.82496643066406,,21.220001220703125,,30.630001068115234,,26.01000213623047,,21.031999588012695,,0.8309999704360962,,20.358999252319336,,1.0,point
441,TROY,The Troy University Herbarium,2003.0,,,32.513333,-87.825556,M,,TROY000000825,5/10/03,10.0,5.0,2026_dataset,0.1113199999999999,173.6411590576172,,17.93000030517578,,28.380001068115234,,23.160001754760742,,17.97800064086914,,0.9100000262260437,,18.051000595092773,,1.0,point
442,TROY,The Troy University Herbarium,2003.0,,,32.513333,-87.825556,F,,TROY000000825,5/10/03,10.0,5.0,2026_dataset,0.1113199999999999,173.6411590576172,,17.93000030517578,,28.380001068115234,,23.160001754760742,,17.97800064086914,,0.9100000262260437,,18.051000595092773,,1.0,point
443,TROY,The Troy University Herbarium,2004.0,,,31.809167,-85.97,M,,TROY000000826,7/15/04,15.0,7.0,2026_dataset,946.0066798980794,90.595947265625,1.486642837524414,20.75,0.00816437415778637,31.713333129882812,0.004714153241366148,26.243337631225586,0.004714153707027435,21.91233253479004,0.005249119829386473,0.2566666603088379,0.009672414511442184,20.572668075561523,0.011440607719123363,3.0,area
444,TROY,The Troy University Herbarium,2005.0,,,32.538611,-86.315,,,TROY000013817,6/18/05,18.0,6.0,2026_dataset,93.84600764964624,138.1929168701172,,20.05000114440918,,30.700000762939453,,25.380001068115234,,20.03499984741211,,1.0290000438690186,,21.697999954223633,,1.0,point
445,TROY,The Troy University Herbarium,2007.0,,,30.709167,-88.049444,F,,TROY000021786,7/17/07,17.0,7.0,2026_dataset,0.1113199999999999,258.3647155761719,,23.1200008392334,,31.860000610351562,,27.490001678466797,,22.091999053955078,,2.7119998931884766,,21.04800033569336,,1.0,point
446,TROY,The Troy University Herbarium,2007.0,,,33.199167,-86.779444,M,,TROY000022878,6/2/07,2.0,6.0,2026_dataset,0.1113199999999999,56.673622131347656,,20.21000099182129,,33.40999984741211,,26.810001373291016,,17.445999145507812,,2.638000011444092,,34.02399826049805,,1.0,point
447,TROY,The Troy University Herbarium,2007.0,,,33.199167,-86.779444,F,,TROY000022878,6/2/07,2.0,6.0,2026_dataset,0.1113199999999999,56.673622131347656,,20.21000099182129,,33.40999984741211,,26.810001373291016,,17.445999145507812,,2.638000011444092,,34.02399826049805,,1.0,point
448,TROY,The Troy University Herbarium,2008.0,,,31.714444,-85.706472,,,TROY000014479,7/17/08,17.0,7.0,2026_dataset,0.1113199999999999,110.84317779541016,,21.510000228881836,,33.480003356933594,,27.500001907348633,,20.913000106811523,,1.4429999589920044,,29.125999450683594,,1.0,point
449,TROY,The Troy University Herbarium,2011.0,,,33.200561,-87.569932,,,TROY000034955,6/15/11,15.0,6.0,2026_dataset,0.1113199999999999,47.418067932128906,,21.1200008392334,,35.480003356933594,,28.30000114440918,,19.783000946044922,,2.885999917984009,,36.882999420166016,,1.0,point
450,WIS,Wisconsin State Herbarium,1945.0,,,43.0916254,-88.32074,F,315,5181530,9/22/45,22.0,9.0,2026_dataset,0.8129278132276235,142.43899536132812,,10.320000648498535,,21.600000381469727,,15.960000991821289,,12.378999710083008,,0.14800000190734863,,11.996999740600586,,1.0,point
451,WIS,Wisconsin State Herbarium,1955.0,,,42.9817634,-88.571077,M,25,5241587,8/2/55,2.0,8.0,2026_dataset,0.0814384544373685,68.01200103759766,,17.360000610351562,,30.910001754760742,,24.14000129699707,,16.64299964904785,,2.2360000610351562,,26.92099952697754,,1.0,point
452,WIS,Wisconsin State Herbarium,1961.0,,,43.1548963,-90.0538129,M,18425,v0026814,8/1/61,1.0,8.0,2026_dataset,0.011132,49.84400177001953,,14.49000072479248,,28.520000457763672,,21.510000228881836,,16.231000900268555,,0.546999990940094,,20.2810001373291,,1.0,point
453,WIS,Wisconsin State Herbarium,1972.0,,,43.3938747,-89.519082,F,1361,5210098,9/19/72,19.0,9.0,2026_dataset,0.0808904688346944,166.26600646972656,,10.0600004196167,,21.850000381469727,,15.960000991821289,,12.22700023651123,,0.23999999463558197,,12.321999549865723,,1.0,point
454,WIS,Wisconsin State Herbarium,1975.0,,,43.194881,-90.246944,F,7087,5011546,8/31/75,31.0,8.0,2026_dataset,0.1113199999999999,110.15699768066406,,14.700000762939453,,27.98000144958496,,21.34000015258789,,15.819000244140625,,0.800000011920929,,19.569000244140625,,1.0,point
455,WIS,Wisconsin State Herbarium,1981.0,,,42.9609108,-88.828978,F,21952,5265563,9/6/81,6.0,9.0,2026_dataset,0.0814660704520532,106.50499725341797,,9.550000190734863,,21.850000381469727,,15.700000762939453,,11.067999839782715,,0.7390000224113464,,12.480999946594238,,1.0,point
456,WIS,Wisconsin State Herbarium,1981.0,,,44.6777583,-88.239031,F,2778,4984874,8/19/81,19.0,8.0,2026_dataset,0.0791565875530138,109.41500091552734,,14.450000762939453,,26.250001907348633,,20.350000381469727,,16.131000518798828,,0.33399999141693115,,14.791000366210938,,1.0,point
457,WIS,Wisconsin State Herbarium,1992.0,,,43.1982532,-90.359882,F,2,4960526,9/4/92,4.0,9.0,2026_dataset,0.0811511108229439,233.21099853515625,,7.970000267028809,,20.96000099182129,,14.470000267028809,,10.75100040435791,,0.04500000178813934,,11.00100040435791,,1.0,point
458,WIS,Wisconsin State Herbarium,1994.0,,,42.9716019,-88.96362,F,370,4930725,9/17/94,17.0,9.0,2026_dataset,0.8145191310617677,61.628997802734375,,12.210000991821289,,23.3700008392334,,17.790000915527344,,13.079000473022461,,0.699999988079071,,14.09000015258789,,1.0,point
459,WIS,Wisconsin State Herbarium,1998.0,,,45.0711954,-87.71104,,13996,5211402,9/22/98,22.0,9.0,2026_dataset,0.7861725518163319,95.83499908447266,,10.550000190734863,,23.770000457763672,,17.160001754760742,,10.23900032043457,,1.1660000085830688,,17.250999450683594,,1.0,point
460,WIS,Wisconsin State Herbarium,1998.0,,,44.853031,-87.487777,F,256,4933271,10/3/98,3.0,10.0,2026_dataset,0.1113199999999999,69.18900299072266,,5.9800004959106445,,14.510000228881836,,10.250000953674316,,5.690000057220459,,0.9509999752044678,,7.183000087738037,,1.0,point
461,WIS,Wisconsin State Herbarium,1998.0,,,44.853031,-87.487777,M,256,4933271,10/3/98,3.0,10.0,2026_dataset,0.1113199999999999,69.18900299072266,,5.9800004959106445,,14.510000228881836,,10.250000953674316,,5.690000057220459,,0.9509999752044678,,7.183000087738037,,1.0,point
462,WIS,Wisconsin State Herbarium,2000.0,,,42.7128188,-90.993207,M,51038,5101300,9/24/00,24.0,9.0,2026_dataset,0.0817938006751366,67.87799835205078,,11.970000267028809,,24.170001983642578,,18.07000160217285,,11.697999954223633,,1.7239999771118164,,16.679000854492188,,1.0,point
463,WIS,Wisconsin State Herbarium,2000.0,,,42.7128188,-90.993207,F,51039,5287129,9/24/00,24.0,9.0,2026_dataset,0.0817938006751366,67.87799835205078,,11.970000267028809,,24.170001983642578,,18.07000160217285,,11.697999954223633,,1.7239999771118164,,16.679000854492188,,1.0,point
464,KANU,,1952.0,,,39.85923,-95.0518,,44003,4314,9/5/52,5.0,9.0,2026_dataset,8.545161361823759,53.4370002746582,,12.670001029968262,,28.290000915527344,,20.48000144958496,,11.85200023651123,,1.9609999656677246,,25.78700065612793,,1.0,point
465,KANU,,1955.0,,,37.88676,-95.7803,,43835,1280,7/7/55,7.0,7.0,2026_dataset,8.785663985265012,37.8390007019043,,21.09000015258789,,35.25,,28.170001983642578,,19.834999084472656,,3.367000102996826,,34.13999938964844,,1.0,point
466,KANU,,1955.0,,,40.20122,-93.334,,176584,79816,9/21/55,21.0,9.0,2026_dataset,85.02424393503676,60.32899856567383,,13.820000648498535,,29.35000228881836,,21.59000015258789,,11.451000213623047,,3.2049999237060547,,29.242000579833984,,1.0,point
467,KANU,,1964.0,,,39.77639,-101.811,,43858,1812,7/29/64,29.0,7.0,2026_dataset,85.55467762053878,22.60099983215332,,18.57000160217285,,36.02000045776367,,27.30000114440918,,13.081000328063965,,5.984000205993652,,46.21500015258789,,1.0,point
468,KANU,,1967.0,,,37.70736,-97.0554,,43942,4746,9/12/67,12.0,9.0,2026_dataset,8.807025828078995,133.30599975585938,,13.340001106262207,,25.080001831054688,,19.21000099182129,,12.416000366210938,,1.7289999723434448,,17.176000595092773,,1.0,point
469,KANU,,1967.0,,,38.77328,-96.0858,,43948,4978,9/29/67,29.0,9.0,2026_dataset,8.67884225204622,160.40199279785156,,11.820000648498535,,24.700000762939453,,18.260000228881836,,11.72599983215332,,1.184000015258789,,16.895000457763672,,1.0,point
470,KANU,,1970.0,,,40.16495,-96.2955,,176589,44578,9/4/70,4.0,9.0,2026_dataset,8.50697128013342,140.38299560546875,,13.250000953674316,,25.590002059936523,,19.420000076293945,,12.97700023651123,,1.5729999542236328,,17.959999084472656,,1.0,point
471,KANU,,1970.0,,,37.47539,-95.8293,,43931,45993,10/1/70,1.0,10.0,2026_dataset,8.83451934884554,73.00199890136719,,7.630000591278076,,19.780000686645508,,13.710000991821289,,8.194999694824219,,0.7360000014305115,,12.428000450134277,,1.0,point
472,KANU,,1970.0,,,37.68486,-95.4447,,43928,45933,9/30/70,30.0,9.0,2026_dataset,8.809698899686994,226.73599243164062,,15.74000072479248,,27.690000534057617,,21.720001220703125,,15.883000373840332,,1.3890000581741333,,19.34000015258789,,1.0,point
473,KANU,,1970.0,,,38.68837,-94.8922,,43865,44134,8/24/70,24.0,8.0,2026_dataset,8.689163909628446,79.3290023803711,,20.30000114440918,,34.150001525878906,,27.23000144958496,,18.048999786376953,,3.8580000400543213,,33.79800033569336,,1.0,point
474,KANU,,1970.0,,,37.17461,-94.84,,43859,44435,8/30/70,30.0,8.0,2026_dataset,886.9952678937377,46.29233169555664,0.03774737939238548,20.073333740234375,0.05792764201760292,34.93000411987305,0.01414335798472166,27.506668090820312,0.030911877751350403,18.61333465576172,0.051880039274692535,2.703000068664551,0.0773175060749054,35.46800231933594,0.025469323620200157,3.0,area
475,KANU,,1970.0,,,37.6179,-94.791,,43923,46641,10/11/70,11.0,10.0,2026_dataset,88.17645921517672,94.74600219726562,,8.850000381469727,,19.510000228881836,,14.180000305175781,,8.635000228881836,,1.1699999570846558,,11.678999900817871,,1.0,point
476,KANU,,1970.0,,,38.42197,-94.7889,,43813,44214,8/25/70,25.0,8.0,2026_dataset,8.72142352377353,76.61299896240234,,20.05000114440918,,35.11000061035156,,27.580001831054688,,18.184999465942383,,3.2950000762939453,,36.76599884033203,,1.0,point
477,KANU,,1970.0,,,38.43465,-94.7817,,43843,44258,8/26/70,26.0,8.0,2026_dataset,8.719892311652199,75.78500366210938,,20.1200008392334,,34.69000244140625,,27.410001754760742,,18.18199920654297,,3.424999952316284,,35.38199996948242,,1.0,point
478,KANU,,1970.0,,,38.43465,-94.7817,,43814,44252,8/26/70,26.0,8.0,2026_dataset,8.719892311652199,75.78500366210938,,20.1200008392334,,34.69000244140625,,27.410001754760742,,18.18199920654297,,3.424999952316284,,35.38199996948242,,1.0,point
479,KANU,,2008.0,,,39.63205,-93.1655,,361169,23238,8/12/08,12.0,8.0,2026_dataset,8.57338284009654,43.303619384765625,,17.07000160217285,,28.400001525878906,,22.740001678466797,,17.874000549316406,,1.1299999952316284,,17.795000076293945,,1.0,point
480,KANU,,2008.0,,,39.35667,-93.0334,,361357,22972,7/23/08,23.0,7.0,2026_dataset,8.607411214494348,269.0470275878906,,19.23000144958496,,29.700000762939453,,24.470001220703125,,19.448999404907227,,1.3079999685287476,,18.738000869750977,,1.0,point
481,KANU,,2010.0,,,39.07239,-95.7302,,394014,351,10/13/10,13.0,10.0,2026_dataset,8.642330765017187,29.030406951904297,,7.300000190734863,,23.98000144958496,,15.640000343322754,,6.53000020980835,,1.2350000143051147,,20.243000030517578,,1.0,point
482,KANU,,2011.0,,,38.89526,-95.4853,,369945,4148,8/25/11,25.0,8.0,2026_dataset,8.663981012807824,114.75181579589844,,20.330001831054688,,33.310001373291016,,26.82000160217285,,19.71500015258789,,2.0390000343322754,,29.812999725341797,,1.0,point
483,KANU,,2012.0,,,43.00035,-91.052,,369629,24382,8/23/12,23.0,8.0,2026_dataset,81.41383029348732,34.719669342041016,,15.15000057220459,,28.430002212524414,,21.790000915527344,,14.267000198364258,,1.3220000267028809,,24.670000076293945,,1.0,point
484,KANU,,2013.0,,,37.06783,-95.0958,,421666,5018,8/27/13,27.0,8.0,2026_dataset,8.882473133484094,156.16531372070312,,19.700000762939453,,30.080001831054688,,24.89000129699707,,20.416000366210938,,1.0240000486373901,,18.969999313354492,,1.0,point
485,KANU,,2015.0,,,40.07439,-95.2329,,420985,25551,9/3/15,3.0,9.0,2026_dataset,8.518309194200318,93.87100219726562,,16.05000114440918,,28.330001831054688,,22.190000534057617,,16.35700035095215,,1.4539999961853027,,20.277999877929688,,1.0,point
486,KANU,,2015.0,,,39.72277,-93.3422,,420960,25526,9/2/15,2.0,9.0,2026_dataset,8.562129271581101,67.80599975585938,,15.760001182556152,,28.380001068115234,,22.07000160217285,,16.41200065612793,,1.274999976158142,,20.5,,1.0,point
487,KANU,,2016.0,,,39.10719,-96.6097,,441774,10196,7/26/16,26.0,7.0,2026_dataset,8.638067515729857,132.51499938964844,,21.450000762939453,,31.990001678466797,,26.720001220703125,,20.475000381469727,,2.947999954223633,,24.14900016784668,,1.0,point
488,KANU,,2016.0,,,38.76446,-95.0048,,397553,26330,9/4/16,4.0,9.0,2026_dataset,8.679915298545694,130.8070068359375,,16.360000610351562,,27.400001525878906,,21.880001068115234,,16.591999053955078,,1.5859999656677246,,17.106000900268555,,1.0,point
489,KANU,,2016.0,,,39.88328,-94.7796,,421019,26295,8/18/16,18.0,8.0,2026_dataset,8.542165874511804,200.64700317382812,,18.920000076293945,,29.630001068115234,,24.280000686645508,,19.836999893188477,,0.7590000033378601,,18.305999755859375,,1.0,point
490,KANU,,2016.0,,,38.85685,-94.7522,,397371,26409,11/9/16,9.0,11.0,2026_dataset,8.668664873051243,35.044002532958984,,5.230000019073486,,16.59000015258789,,10.910000801086426,,4.743000030517578,,1.2990000247955322,,10.300999641418457,,1.0,point
491,KANU,,2016.0,,,40.58816,-92.7253,,421112,26239,8/17/16,17.0,8.0,2026_dataset,8.45370505002169,188.6320037841797,,18.700000762939453,,28.490001678466797,,23.600000381469727,,20.22599983215332,,0.40700000524520874,,14.585000038146973,,1.0,point
492,KANU,,2016.0,,,40.30651,-92.7098,,421265,26258,8/17/16,17.0,8.0,2026_dataset,8.489205713393352,157.6750030517578,,19.060001373291016,,28.830001831054688,,23.950000762939453,,20.270999908447266,,0.6399999856948853,,15.586000442504883,,1.0,point
493,KANU,,2018.0,,,38.92704,-95.2415,,423921,26494,10/1/18,1.0,10.0,2026_dataset,8.660102696124856,212.11801147460938,,6.53000020980835,,18.690000534057617,,12.610000610351562,,8.340999603271484,,0.4699999988079071,,10.088000297546387,,1.0,point
494,KANU,,2018.0,,,38.98868,-95.2158,,423924,26536,10/19/18,19.0,10.0,2026_dataset,8.652572778313147,192.87400817871094,,6.270000457763672,,19.30000114440918,,12.790000915527344,,8.246000289916992,,0.49000000953674316,,11.4399995803833,,1.0,point
495,KANU,,2018.0,,,38.78205,-95.1714,,423919,26493,9/29/18,29.0,9.0,2026_dataset,8.677775084660428,68.20500183105469,,14.890000343322754,,27.290000915527344,,21.09000015258789,,16.70599937438965,,0.0,,17.968000411987305,,1.0,point
496,KANU,,2018.0,,,38.1354,-94.8769,,420773,27374,10/3/18,3.0,10.0,2026_dataset,11.132,191.86500549316406,,7.940000534057617,,19.630001068115234,,13.790000915527344,,9.35099983215332,,0.46799999475479126,,10.87600040435791,,1.0,point
497,KANU,,2022.0,,,39.5204,-98.3813,,431665,28907,9/16/22,16.0,9.0,2026_dataset,11.132,57.00699996948242,,12.767999649047852,,30.104000091552734,,21.43600082397461,,11.744999885559082,,1.4329999685287476,,31.381000518798828,,1.0,point
498,KANU,,,,,38.36946,-96.01043,,43961,87978,,,,2026_dataset,1.1132000000000002,,,,,,,,,,,,,,,,
499,KANU,,1971.0,,,39.77885,-98.8037,,43856,51181,8/19/71,19.0,8.0,2026_dataset,8.555161962819122,47.650001525878906,,17.25,,33.05000305175781,,25.150001525878906,,15.407999992370605,,2.4619998931884766,,34.24700164794922,,1.0,point
500,KANU,,1972.0,,,38.1444,-99.3137,,43864,63184,10/5/72,5.0,10.0,2026_dataset,11.132,20.18899917602539,,6.430000305175781,,19.32000160217285,,12.880001068115234,,5.27400016784668,,1.246999979019165,,14.934000015258789,,1.0,point
501,KANU,,1972.0,,,38.42178,-98.8884,,43997,59656,8/25/72,25.0,8.0,2026_dataset,8.721446464555715,130.2469940185547,,18.060001373291016,,32.03000259399414,,25.05000114440918,,15.673999786376953,,3.0899999141693115,,31.170000076293945,,1.0,point
502,KANU,,1972.0,,,43.42592,-98.4102,,176536,61043,9/10/72,10.0,9.0,2026_dataset,8.08476823827642,25.847999572753906,,9.870000839233398,,24.380001068115234,,17.130001068115234,,9.604000091552734,,1.0820000171661377,,18.93400001525879,,1.0,point
503,KANU,,1972.0,,,42.23617,-96.9883,,176565,60831,9/9/72,9.0,9.0,2026_dataset,8.24191462585557,63.946998596191406,,9.5,,23.850000381469727,,16.68000030517578,,11.329000473022461,,0.007000000216066837,,16.18400001525879,,1.0,point
504,KANU,,1972.0,,,40.62473,-96.7411,,176545,58600,8/4/72,4.0,8.0,2026_dataset,8.449080570643817,97.29900360107422,,17.850000381469727,,29.880001068115234,,23.8700008392334,,17.04599952697754,,1.7669999599456787,,23.268999099731445,,1.0,point
505,KANU,,1972.0,,,38.33727,-96.6369,,43855,63439,10/8/72,8.0,10.0,2026_dataset,8.7316407709502,39.8390007019043,,7.200000286102295,,19.510000228881836,,13.360000610351562,,6.473999977111816,,1.1260000467300415,,13.668999671936035,,1.0,point
506,KANU,,1972.0,,,37.52431,-95.6516,,43833,63755,10/18/72,18.0,10.0,2026_dataset,8.828733292660555,114.93900299072266,,8.100000381469727,,20.030000686645508,,14.070000648498535,,7.982999801635742,,0.8370000123977661,,13.092000007629395,,1.0,point
507,KANU,,1973.0,,,39.83834,-96.0656,,43986,74505,10/25/73,25.0,10.0,2026_dataset,8.54776204144949,140.21400451660156,,8.880000114440918,,22.040000915527344,,15.460000991821289,,8.87399959564209,,1.2610000371932983,,14.51200008392334,,1.0,point
508,KANU,,1973.0,,,39.93151,-95.2384,,43985,74459,10/25/73,25.0,10.0,2026_dataset,8.536154173066885,153.99899291992188,,9.300000190734863,,22.190000534057617,,15.750000953674316,,9.553000450134277,,1.1460000276565552,,14.295000076293945,,1.0,point
509,KANU,,1974.0,,,45.16911,-96.0975,,176557,2506,9/21/74,21.0,9.0,2026_dataset,7.848245458850489,11.420000076293945,,4.550000190734863,,22.34000015258789,,13.450000762939453,,5.724999904632568,,0.6430000066757202,,18.204999923706055,,1.0,point
510,KANU,,1974.0,,,40.05795,-95.5352,,176622,C-6955,8/8/74,8.0,8.0,2026_dataset,8.520365164843783,70.73200225830078,,16.530000686645508,,29.430002212524414,,22.98000144958496,,16.155000686645508,,2.0409998893737793,,22.191999435424805,,1.0,point
511,KANU,,1975.0,,,38.35513,-98.3486,,43953,85035,6/10/75,10.0,6.0,2026_dataset,8.729487929992242,160.09100341796875,,16.25,,29.720001220703125,,22.990001678466797,,16.08300018310547,,1.7359999418258667,,23.488000869750977,,1.0,point
512,KANU,,1975.0,,,39.69968,-98.2777,,43853,27767,8/15/75,15.0,8.0,2026_dataset,8.564995560642915,58.79499816894531,,18.280000686645508,,33.65999984741211,,25.970001220703125,,16.464000701904297,,3.315000057220459,,33.66899871826172,,1.0,point
513,KANU,,1975.0,,,39.11105,-97.5671,,43851,28419,9/26/75,26.0,9.0,2026_dataset,8.637594441718571,57.96500015258789,,11.800000190734863,,26.040000915527344,,18.920000076293945,,11.279999732971191,,1.659999966621399,,21.701000213623047,,1.0,point
514,KANU,,1975.0,,,39.90084,-95.7958,,43964,10770,7/22/75,22.0,7.0,2026_dataset,8.539977782172835,40.207000732421875,,18.400001525878906,,32.189002990722656,,25.290000915527344,,16.983999252319336,,3.242000102996826,,28.809999465942383,,1.0,point
515,KANU,,1975.0,,,38.2678,-95.7627,,43963,88406,9/21/75,21.0,9.0,2026_dataset,11.132,38.62799835205078,,12.110000610351562,,24.880001068115234,,18.5,,12.199999809265137,,1.3830000162124634,,17.472999572753906,,1.0,point
516,KANU,,1975.0,,,38.21915,-95.7366,,43957,27958,8/19/75,19.0,8.0,2026_dataset,8.74585756226237,153.26600646972656,,19.660001754760742,,33.230003356933594,,26.450000762939453,,18.73900032043457,,2.4000000953674316,,28.784000396728516,,1.0,point
517,KANU,,1976.0,,,37.9603,-100.802,,43959,3073,7/20/76,20.0,7.0,2026_dataset,87.76882393939664,33.84600067138672,,17.660001754760742,,33.18000030517578,,25.420001983642578,,14.347999572753906,,3.997999906539917,,35.821998596191406,,1.0,point
518,KANU,,1976.0,,,37.83516,-99.0989,,43960,12286,7/19/76,19.0,7.0,2026_dataset,8.791817027744889,52.94499969482422,,19.160001754760742,,33.6400032043457,,26.400001525878906,,15.444000244140625,,4.5980000495910645,,35.415000915527344,,1.0,point
519,KANU,,1980.0,,,39.65345,-102.087,,176567,14818a,8/5/80,5.0,8.0,2026_dataset,85.70730164516536,81.2760009765625,,15.180000305175781,,32.650001525878906,,23.920001983642578,,12.923999786376953,,2.9809999465942383,,35.32099914550781,,1.0,point
520,KANU,,1980.0,,,37.26497,-99.3302,,43854,31895,8/14/80,14.0,8.0,2026_dataset,8.859333478852797,92.30999755859375,,20.05000114440918,,36.40999984741211,,28.23000144958496,,15.756999969482422,,5.866000175476074,,43.005001068115234,,1.0,point
521,KANU,,1980.0,,,40.34043,-95.6212,,176578,15000,9/6/80,6.0,9.0,2026_dataset,8.484941104227897,47.85200119018555,,13.220000267028809,,28.190000534057617,,20.71000099182129,,13.064000129699707,,2.2780001163482666,,22.929000854492188,,1.0,point
522,KANU,,1980.0,,,38.94268,-95.2741,,43830,15063,9/14/80,14.0,9.0,2026_dataset,8.658193068566849,46.29399871826172,,15.440000534057617,,29.270000457763672,,22.360000610351562,,14.6899995803833,,2.691999912261963,,24.270000457763672,,1.0,point
523,KANU,,1986.0,,,39.50207,-95.032,,362058,723,8/9/86,9.0,8.0,2026_dataset,85.89469038467904,124.59600067138672,,17.07900047302246,,27.290000915527344,,22.18000030517578,,16.68000030517578,,1.9559999704360962,,16.58300018310547,,1.0,point
524,KANU,,1986.0,,,38.125,-90.675,,176643,27244,7/26/86,26.0,7.0,2026_dataset,111.32,82.73500061035156,,20.530000686645508,,34.37000274658203,,27.450000762939453,,21.010000228881836,,1.7280000448226929,,30.05299949645996,,1.0,point
525,KANU,,1987.0,,,39.01716,-95.291,,70712,231,9/25/87,25.0,9.0,2026_dataset,86.49090289897602,63.67499923706055,,13.960000991821289,,26.80000114440918,,20.380001068115234,,13.895000457763672,,1.4320000410079956,,19.625,,1.0,point
526,KANU,,1988.0,,,38.97541,-95.2329,,83634,2720,8/5/88,5.0,8.0,2026_dataset,8.654194682414103,34.70100021362305,,20.780000686645508,,34.540000915527344,,27.660001754760742,,18.457000732421875,,3.7320001125335693,,35.10200119018555,,1.0,point
527,KANU,,1988.0,,,42.934,-86.07,,340293,3077,9/15/88,15.0,9.0,2026_dataset,815.0169365811347,146.6385040283203,0.1464996337890625,11.230000495910645,0.0,22.80500030517578,0.06499958038330078,17.020000457763672,0.029999732971191406,11.840499877929688,0.05450010299682617,1.0355000495910645,0.02249997854232788,13.511500358581543,0.0625,2.0,area
528,KANU,,1990.0,,,33.15068,-92.1104,,176561,121221,9/20/90,20.0,9.0,2026_dataset,9.320103847587388,61.79199981689453,,16.860000610351562,,32.540000915527344,,24.71000099182129,,18.687000274658203,,0.0,,29.097000122070312,,1.0,point
529,KANU,,1993.0,,,38.95477,-94.9784,,109832,5717,9/23/93,23.0,9.0,2026_dataset,8.656716450161628,254.29800415039062,,11.260000228881836,,23.1200008392334,,17.190000534057617,,12.352999687194824,,0.8090000152587891,,13.753999710083008,,1.0,point
531,KANU,,1994.0,,,38.33217,-96.3733,,112023,s.n. (Helliker 037),9/22/94,22.0,9.0,2026_dataset,8.732255368249902,44.654998779296875,,13.40000057220459,,26.410001754760742,,19.910001754760742,,13.116999626159668,,1.6510000228881836,,20.163000106811523,,1.0,point
532,KANU,,1994.0,,,38.59067,-95.6878,,111414,261,8/17/94,17.0,8.0,2026_dataset,8.701016706498821,85.9739990234375,,17.900001525878906,,31.23000144958496,,24.57000160217285,,17.621999740600586,,1.8020000457763672,,25.687000274658203,,1.0,point
533,KANU,,1994.0,,,38.95626,-95.2472,,113040,133,11/11/94,11.0,11.0,2026_dataset,8.656534441560733,72.74700164794922,,3.890000104904175,,12.09000015258789,,7.990000247955322,,3.188999891281128,,1.062000036239624,,6.296000003814697,,1.0,point
534,KANU,,1995.0,,,39.35777,-97.1256,,113705,7744,8/17/95,17.0,8.0,2026_dataset,8.607275683833041,127.59600067138672,,21.43000030517578,,33.6400032043457,,27.540000915527344,,20.207000732421875,,3.5390000343322754,,29.073999404907227,,1.0,point
535,KANU,,1995.0,,,39.36572,-94.8922,,113530,7774,10/3/95,3.0,10.0,2026_dataset,8.606296072463437,12.42199993133545,,7.65000057220459,,21.600000381469727,,14.630001068115234,,6.419000148773193,,1.6540000438690186,,16.812000274658203,,1.0,point
536,KANU,,1996.0,,,39.39084,-94.8951,,312113,8290,9/10/96,10.0,9.0,2026_dataset,8.603199658150663,81.16799926757812,,12.700000762939453,,24.100000381469727,,18.400001525878906,,13.1899995803833,,0.9089999794960022,,15.333000183105469,,1.0,point
537,KANU,,1997.0,,,44.19993,-96.7825,,318485,s.n.,9/9/97,9.0,9.0,2026_dataset,7.98065836601632,57.76100158691406,,8.180000305175781,,23.500001907348633,,15.840001106262207,,9.755000114440918,,1.1160000562667847,,16.825000762939453,,1.0,point
538,KANU,,1997.0,,,42.73632,-92.4677,,314995,9719,8/7/97,7.0,8.0,2026_dataset,8.176282118319204,74.75499725341797,,14.760000228881836,,25.850000381469727,,20.310001373291016,,16.332000732421875,,0.8999999761581421,,14.213000297546387,,1.0,point
539,KANU,,1997.0,,,42.72253,-92.461,,314100,10137,8/30/97,30.0,8.0,2026_dataset,81.78100095251058,76.12000274658203,,14.670001029968262,,25.64000129699707,,20.160001754760742,,16.312000274658203,,0.8659999966621399,,13.767000198364258,,1.0,point
540,KANU,,1997.0,,,42.75968,-92.4592,,314159,10196,10/7/97,7.0,10.0,2026_dataset,8.173201419011125,89.98600006103516,,3.9300003051757812,,17.060001373291016,,10.500000953674316,,5.1579999923706055,,0.753000020980835,,12.423999786376953,,1.0,point
541,KANU,,1997.0,,,42.81008,-92.2236,,314848,9604,8/6/97,6.0,8.0,2026_dataset,8.16655007768998,84.75900268554688,,14.380001068115234,,25.400001525878906,,19.89000129699707,,16.179000854492188,,0.8679999709129333,,13.305000305175781,,1.0,point
542,KANU,,2002.0,,,39.07222,-96.8053,,339042,19464,9/19/02,19.0,9.0,2026_dataset,8.642351583410964,45.694091796875,,14.840001106262207,,29.060001373291016,,21.940000534057617,,14.444000244140625,,1.4079999923706055,,24.398000717163086,,1.0,point
543,KANU,,2002.0,,,39.05472,-96.7783,,338353,19537,9/20/02,20.0,9.0,2026_dataset,8.644494246290831,41.89558792114258,,14.770000457763672,,29.21000099182129,,21.970001220703125,,14.586999893188477,,1.2319999933242798,,24.56100082397461,,1.0,point
544,KANU,,2002.0,,,38.47278,-95.3583,,343578,8667,9/24/02,24.0,9.0,2026_dataset,8.715285234294239,48.23677062988281,,15.380001068115234,,30.39000129699707,,22.89000129699707,,14.859999656677246,,1.6160000562667847,,28.04400062561035,,1.0,point
546,KANU,,2003.0,,,39.38,-94.9003,,345053,9828,9/30/03,30.0,9.0,2026_dataset,1113.2,103.2134780883789,0.1971988081932068,12.53499984741211,0.12038128077983856,25.101667404174805,0.019507573917508125,18.82166862487793,0.06094127893447876,12.891499519348145,0.07810612767934799,1.3561667203903198,0.08038950711488724,16.704999923706055,0.15482886135578156,6.0,area
547,KANU,,2004.0,,,38.40306,-96.5506,,349629,1979,9/7/04,7.0,9.0,2026_dataset,8.723706265035222,49.31814193725586,,14.0600004196167,,29.340002059936523,,21.73000144958496,,13.956999778747559,,1.531000018119812,,25.121999740600586,,1.0,point
548,KANU,,2005.0,,,39.3257,-93.2287,,351749,21177,8/30/05,30.0,8.0,2026_dataset,11.132,202.23837280273438,,19.260000228881836,,30.910001754760742,,25.090002059936523,,18.611000061035156,,2.2290000915527344,,24.426000595092773,,1.0,point
549,KANU,,2006.0,,,37.97719,-90.0291,,355223,22005,10/14/06,14.0,10.0,2026_dataset,8.77486347541949,199.87489318847656,,5.810000419616699,,19.0,,12.410000801086426,,6.314000129699707,,0.7409999966621399,,13.380999565124512,,1.0,point
550,KANU,,2007.0,,,36.97542,-91.0196,,394773,28738,8/27/07,27.0,8.0,2026_dataset,8.893283737257114,54.13490295410156,,21.950000762939453,,36.68000030517578,,29.32000160217285,,19.48699951171875,,4.041999816894531,,42.79499816894531,,1.0,point
551,IND,Indiana University Deam Herbarium,1907.0,,,43.019828,-87.958659,F,s.n.,IND-0088756,9/2/07,2.0,9.0,2026_dataset,0.1113199999999999,128.00799560546875,,11.750000953674316,,21.100000381469727,,16.43000030517578,,12.005000114440918,,1.1710000038146973,,12.145000457763672,,1.0,point
552,MICH,University of Michigan Herbarium ,1909.0,,,43.0077,-82.9129,,1209704,1209704,8/17/09,,8.0,2026_dataset,11.132,60.14599990844727,,13.070000648498535,,28.35000228881836,,20.71000099182129,,14.678000450134276,,0.0,,21.874000549316406,,1.0,point
553,IND,Indiana University Deam Herbarium,1911.0,,,37.943219,-87.842797,M,10062,IND-0088721,9/17/11,17.0,9.0,2026_dataset,0.1113199999999999,132.07899475097656,,18.020000457763672,,29.660001754760746,,23.840002059936523,,17.85099983215332,,1.7369999885559082,,21.36400032043457,,1.0,point
554,IND,Indiana University Deam Herbarium,1911.0,,,42.686602,-88.055886,M,s.n.,IND-0088755,8/12/11,12.0,8.0,2026_dataset,0.1113199999999999,119.95500183105467,,13.920001029968262,,27.36000061035156,,20.64000129699707,,15.017999649047852,,0.6309999823570251,,19.652000427246094,,1.0,point
555,IND,Indiana University Deam Herbarium,1914.0,,,40.282048,-85.148425,F,15442,IND-0088725,9/13/14,13.0,9.0,2026_dataset,0.1113199999999999,,,11.440000534057617,,24.670001983642578,,18.060001373291016,,11.381999969482422,,1.3609999418258667,,17.476999282836914,,1.0,point
556,IND,Indiana University Deam Herbarium,1916.0,,,37.946255,-88.009925,,22297,IND-0088720,10/8/16,8.0,10.0,2026_dataset,0.1113199999999999,57.9640007019043,,7.000000476837158,,21.580001831054688,,14.290000915527344,,7.228000164031982,,1.0679999589920044,,15.151000022888184,,1.0,point
557,IND,Indiana University Deam Herbarium,1916.0,,,37.946289,-88.008466,F,2292,IND-0088722,10/8/16,8.0,10.0,2026_dataset,0.1113199999999999,57.9640007019043,,7.000000476837158,,21.580001831054688,,14.290000915527344,,7.228000164031982,,1.0679999589920044,,15.151000022888184,,1.0,point
558,IND,Indiana University Deam Herbarium,1916.0,,,39.366578,-87.52469,F,22177,IND-0088735,10/5/16,5.0,10.0,2026_dataset,0.8606190338461952,50.9010009765625,,5.640000343322754,,21.05000114440918,,13.350000381469727,,5.8429999351501465,,1.0470000505447388,,15.145999908447266,,1.0,point
559,IND,Indiana University Deam Herbarium,1916.0,,,41.004792,-85.107574,F,21684,IND-0088680,9/10/16,10.0,9.0,2026_dataset,0.1113199999999999,59.72200012207031,,10.620000839233398,,24.030000686645508,,17.329999923706055,,10.470999717712402,,1.3389999866485596,,17.742000579833984,,1.0,point
560,IND,Indiana University Deam Herbarium,1916.0,,,41.296916,-85.771031,F,21984,IND-0088701,9/17/16,17.0,9.0,2026_dataset,0.1113199999999999,90.99800109863281,,9.710000038146973,,24.220001220703125,,16.970001220703125,,11.102999687194824,,0.5019999742507935,,17.2549991607666,,1.0,point
561,IND,Indiana University Deam Herbarium,1916.0,,,41.425007,-86.223051,M,21010,IND-0088709,8/21/16,21.0,8.0,2026_dataset,0.1113199999999999,64.58599853515625,,16.64000129699707,,30.35000228881836,,23.500001907348633,,16.46500015258789,,1.8229999542236328,,24.927000045776367,,1.0,point
562,MICH,University of Michigan Herbarium ,1916.0,,,42.47652,-83.14909,,1209698,1209698,8/26/16,,8.0,2026_dataset,1.1132000000000002,46.2130012512207,,17.05000114440918,,30.630001068115234,,23.840002059936523,,15.227999687194824,,3.36299991607666,,26.77199935913086,,1.0,point
563,IND,Indiana University Deam Herbarium,1917.0,,,39.203477,-86.866086,F,23922,IND-0088713,9/22/17,22.0,9.0,2026_dataset,0.1113199999999999,40.875,,11.230000495910645,,25.940000534057617,,18.59000015258789,,11.711000442504883,,1.062000036239624,,19.461000442504883,,1.0,point
564,IND,Indiana University Deam Herbarium,1917.0,,,39.203477,-86.866086,F,23928,IND-0088714,9/22/17,22.0,9.0,2026_dataset,0.1113199999999999,40.875,,11.230000495910645,,25.940000534057617,,18.59000015258789,,11.711000442504883,,1.062000036239624,,19.461000442504883,,1.0,point
565,MO,ISU,1919.0,,,40.5333333,-89.55,M,1252364,MO-029951,7/29/19,,7.0,2026_dataset,846.063173780837,49.224666595458984,0.020821450278162956,18.73666763305664,0.051854781806468964,33.160003662109375,0.04242648184299469,25.953332901000977,0.0471397340297699,18.016332626342773,0.0020543981809169054,2.3963334560394287,0.06481937319040298,30.018333435058594,0.12067890167236328,3.0,area
566,MICH,University of Michigan Herbarium ,1919.0,,,42.21631,-83.602807,,1209697,1209706,8/31/19,,9.0,2026_dataset,1.1132000000000002,65.2030029296875,,11.860000610351562,,25.18000030517578,,18.520000457763672,,12.178999900817871,,1.065000057220459,,17.761999130249023,,1.0,point
567,MICH,University of Michigan Herbarium ,1919.0,,,42.21631,-83.602807,,1209706,1209706,8/31/19,,8.0,2026_dataset,1.1132000000000002,90.4489974975586,,13.680000305175781,,27.440000534057617,,20.560001373291016,,14.295999526977539,,0.8529999852180481,,20.518999099731445,,1.0,point
568,MICH,University of Michigan Herbarium ,1919.0,,,42.48948,-83.14465,,1209666,1209697,9/7/19,,7.0,2026_dataset,1.1132000000000002,42.391998291015625,,16.400001525878906,,30.48000144958496,,23.440000534057617,,14.10099983215332,,3.631999969482422,,27.048999786376953,,1.0,point
569,MICH,University of Michigan Herbarium ,1920.0,,,41.834217,-86.623722,,1209667,1209667,9/11/20,,9.0,2026_dataset,0.1113199999999999,68.83100128173828,,13.470000267028809,,25.770000457763672,,19.6200008392334,,13.468999862670898,,1.5199999809265137,,17.84600067138672,,1.0,point
570,MICH,University of Michigan Herbarium ,1920.0,,,42.29559,-83.7426,,1209707,1209707,10/1/20,,10.0,2026_dataset,8.234149974909355,44.512001037597656,,7.410000324249268,,20.610000610351562,,14.010000228881836,,7.693999767303467,,0.9570000171661377,,13.984000205993652,,1.0,point
571,BRIT,Botanical Research Institute of Texas,1921.0,,,32.771556,-97.29124,F,,BRIT338428,11/5/21,,11.0,2026_dataset,0.9360179965736362,22.538000106811523,,8.930000305175781,,24.690000534057617,,16.810001373291016,,6.769999980926514,,2.1389999389648438,,21.003999710083008,,1.0,point
572,IND,Indiana University Deam Herbarium,1921.0,,,38.373242,-87.617326,M,35119,IND-0088688,9/24/21,24.0,9.0,2026_dataset,0.1113199999999999,133.39300537109375,,17.950000762939453,,29.540000915527344,,23.750001907348633,,18.266000747680664,,1.465000033378601,,20.601999282836914,,1.0,point
573,IND,Indiana University Deam Herbarium,1921.0,,,38.556385,-87.23103,F,35049,IND-0088683,9/23/21,23.0,9.0,2026_dataset,0.8705170108962237,159.78900146484375,,17.530000686645508,,29.270000457763672,,23.400001525878906,,17.709999084472656,,1.565999984741211,,20.75200080871582,,1.0,point
574,IND,Indiana University Deam Herbarium,1921.0,,,45.414131,-75.97801,M,15787,IND-0088760,8/12/21,12.0,8.0,2026_dataset,0.7814412671663602,,,,,,,,,,,,,,,0.0,
575,IND,Indiana University Deam Herbarium,1922.0,,,38.777831,-86.227908,M,38062,IND-0088695,9/19/22,19.0,9.0,2026_dataset,0.1113199999999999,47.68000030517578,,12.610000610351562,,30.440000534057617,,21.530000686645508,,13.854000091552734,,0.652999997138977,,27.7549991607666,,1.0,point
576,IND,Indiana University Deam Herbarium,1922.0,,,38.777831,-86.227908,F,38061,IND-0088694,9/19/22,19.0,9.0,2026_dataset,0.1113199999999999,47.68000030517578,,12.610000610351562,,30.440000534057617,,21.530000686645508,,13.854000091552734,,0.652999997138977,,27.7549991607666,,1.0,point
577,IND,Indiana University Deam Herbarium,1922.0,,,38.935264,-87.04838,F,37951,IND-0088690,9/14/22,14.0,9.0,2026_dataset,0.8659098634806836,39.9119987487793,,13.980000495910645,,30.440000534057617,,22.21000099182129,,13.928000450134277,,1.555999994277954,,27.711000442504883,,1.0,point
578,IND,Indiana University Deam Herbarium,1923.0,,,37.852615,-86.66097,F,39991,IND-0088718,10/5/23,5.0,10.0,2026_dataset,0.8789736403945672,70.37000274658203,,6.750000476837158,,21.6200008392334,,14.190000534057617,,7.063000202178955,,1.0479999780654907,,15.406000137329102,,1.0,point
579,IND,Indiana University Deam Herbarium,1926.0,,,40.169563,-87.486405,F,43802,IND-0088739,9/22/26,22.0,9.0,2026_dataset,0.1113199999999999,282.08099365234375,,14.590001106262207,,24.740001678466797,,19.670000076293945,,15.34000015258789,,0.9120000004768372,,13.930999755859375,,1.0,point
580,IND,Indiana University Deam Herbarium,1928.0,,,41.113448,-86.486519,F,46363,IND-0088723,9/21/28,21.0,9.0,2026_dataset,0.1113199999999999,35.32600021362305,,8.5,,23.010000228881836,,15.760001182556152,,9.795000076293945,,0.5239999890327454,,15.970999717712402,,1.0,point
581,IND,Indiana University Deam Herbarium,1929.0,,,38.194593,-86.344659, ,48039,IND-0088682,10/2/29,2.0,10.0,2026_dataset,0.1113199999999999,89.18599700927734,,6.220000267028809,,19.82000160217285,,13.020000457763672,,7.434000015258789,,0.6259999871253967,,12.378000259399414,,1.0,point
582,IND,Indiana University Deam Herbarium,1929.0,,,39.340416,-86.697449,F,4971,IND-0088715,9/29/29,29.0,9.0,2026_dataset,0.1113199999999999,89.5510025024414,,12.450000762939453,,25.3700008392334,,18.910001754760742,,13.281000137329102,,0.8669999837875366,,17.12299919128418,,1.0,point
583,IND,Indiana University Deam Herbarium,1929.0,,,39.340416,-86.697449,F,4973,IND-0088716,9/29/29,29.0,9.0,2026_dataset,0.1113199999999999,89.5510025024414,,12.450000762939453,,25.3700008392334,,18.910001754760742,,13.281000137329102,,0.8669999837875366,,17.12299919128418,,1.0,point
584,IND,Indiana University Deam Herbarium,1929.0,,,39.340416,-86.697449,F,4972,IND-0088717,9/29/29,29.0,9.0,2026_dataset,0.1113199999999999,89.5510025024414,,12.450000762939453,,25.3700008392334,,18.910001754760742,,13.281000137329102,,0.8669999837875366,,17.12299919128418,,1.0,point
585,IND,Indiana University Deam Herbarium,1930.0,,,41.593273,-87.250044,F,57472,IND-0088706,9/6/30,6.0,9.0,2026_dataset,0.1113199999999999,45.69499969482422,,12.74000072479248,,26.330001831054688,,19.540000915527344,,12.63700008392334,,1.4819999933242798,,19.56599998474121,,1.0,point
586,IND,Indiana University Deam Herbarium,1930.0,,,41.602259,-87.25837,F,57476,IND-0088705,9/27/30,27.0,9.0,2026_dataset,0.83241969389294,45.60300064086914,,12.90000057220459,,26.190000534057617,,19.55000114440918,,12.633999824523926,,1.6180000305175781,,19.395999908447266,,1.0,point
587,IND,Indiana University Deam Herbarium,1930.0,,,41.741508,-85.558475,F,1082,IND-0088702,8/19/30,19.0,8.0,2026_dataset,0.1113199999999999,42.10300064086914,,14.100000381469727,,29.440000534057617,,21.770000457763672,,14.767000198364258,,0.7689999938011169,,24.586000442504883,,1.0,point
588,IND,Indiana University Deam Herbarium,1931.0,,,34.773558,-92.313628,F,8325,IND-0088749,9/26/31,26.0,9.0,2026_dataset,0.1113199999999999,17.9950008392334,,20.71000099182129,,32.42000198364258,,26.57000160217285,,19.63599967956543,,2.7690000534057617,,26.034000396728516,,1.0,point
589,IND,Indiana University Deam Herbarium,1931.0,,,39.091157,-84.846088,F,50790,IND-0088685,8/5/31,5.0,8.0,2026_dataset,0.1113199999999999,110.10299682617188,,18.07900047302246,,30.39000129699707,,24.23000144958496,,18.075000762939453,,1.621999979019165,,23.009000778198242,,1.0,point
590,IND,Indiana University Deam Herbarium,1931.0,,,40.757698,-86.638471,F,51252,IND-0088744,9/28/31,28.0,9.0,2026_dataset,0.1113199999999999,98.64199829101562,,14.870000839233398,,28.21000099182129,,21.540000915527344,,15.399999618530273,,0.9860000014305115,,20.93600082397461,,1.0,point
591,IND,Indiana University Deam Herbarium,1931.0,,,41.718106,-85.76527,F,1447,IND-0088686,8/26/31,26.0,8.0,2026_dataset,0.8309235672457668,88.34200286865234,,15.570000648498535,,29.900001525878906,,22.740001678466797,,16.052000045776367,,1.1820000410079956,,24.73699951171875,,1.0,point
592,BRIT,Botanical Research Institute of Texas,1932.0,,,31.055815,-97.348229,M,,BRIT336482,8/6/32,,8.0,2026_dataset,0.1113199999999999,83.9280014038086,,22.970001220703125,,34.130001068115234,,28.55000114440918,,20.52899932861328,,3.697999954223633,,30.900999069213867,,1.0,point
593,IND,Indiana University Deam Herbarium,1933.0,,,38.813147,-86.647434,M,1354,IND-0088707,9/27/33,27.0,9.0,2026_dataset,0.1113199999999999,102.35199737548828,,16.43000030517578,,31.10000228881836,,23.770000457763672,,16.600000381469727,,1.2799999713897705,,26.23900032043457,,1.0,point
594,IND,Indiana University Deam Herbarium,1933.0,,,41.440569,-85.251542,F,54495,IND-0088712,9/15/33,15.0,9.0,2026_dataset,0.1113199999999999,151.06300354003906,,14.140000343322754,,27.030000686645508,,20.59000015258789,,14.505000114440918,,1.0720000267028809,,19.642000198364258,,1.0,point
595,MICH,University of Michigan Herbarium ,1933.0,,,42.333069,-83.809872,,1004018,1004018,9/7/33,,9.0,2026_dataset,0.1113199999999999,93.7699966430664,,14.040000915527344,,25.64000129699707,,19.84000015258789,,13.989999771118164,,1.4730000495910645,,17.514999389648438,,1.0,point
596,IND,Indiana University Deam Herbarium,1934.0,,,38.706727,-85.453292,M,s.n.,IND-0088697,8/28/34,28.0,8.0,2026_dataset,0.1113199999999999,122.8030014038086,,17.880001068115234,,30.780000686645508,,24.330001831054688,,18.510000228881836,,0.9760000109672546,,23.20800018310547,,1.0,point
597,IND,Indiana University Deam Herbarium,1934.0,,,38.726541,-85.240882,F,s.n.,IND-0088698,6/26/34,26.0,6.0,2026_dataset,0.1113199999999999,122.18199920654297,,18.360000610351562,,32.95000076293945,,25.660001754760742,,17.759000778198242,,2.072000026702881,,30.104000091552734,,1.0,point
598,IND,Indiana University Deam Herbarium,1934.0,,,38.960125,-85.121109,F,55886,IND-0088684,10/13/34,13.0,10.0,2026_dataset,0.1113199999999999,7.046999931335449,,6.160000324249268,,22.530000686645508,,14.350000381469727,,6.831999778747559,,0.8299999833106995,,16.777999877929688,,1.0,point
599,IND,Indiana University Deam Herbarium,1934.0,,,38.968092,-85.148706,F,55894,IND-0088727,10/13/34,13.0,10.0,2026_dataset,0.1113199999999999,6.934000015258789,,6.260000228881836,,22.690000534057617,,14.480000495910645,,6.894999980926514,,0.8460000157356262,,16.97800064086914,,1.0,point
600,IND,Indiana University Deam Herbarium,1936.0,,,40.281182,-85.148425,F,57486,IND-0088726,9/30/36,30.0,9.0,2026_dataset,0.1113199999999999,107.41500091552734,,14.210000991821289,,27.57000160217285,,20.89000129699707,,14.23799991607666,,1.399999976158142,,20.8439998626709,,1.0,point
601,IND,Indiana University Deam Herbarium,1936.0,,,41.721829,-85.817624,F,57272,IND-0088687,9/5/36,5.0,9.0,2026_dataset,0.1113199999999999,167.23699951171875,,13.140000343322754,,25.610000610351562,,19.380001068115234,,13.916999816894531,,0.8769999742507935,,17.424999237060547,,1.0,point
602,MO,ISU,1937.0,,,42.25,-83.85,F,1155922,MO-029949,9/2/37,,9.0,2026_dataset,1113.2,41.593597412109375,0.18027423322200775,9.601999282836914,0.055999889969825745,22.7760009765625,0.050039663910865784,16.19179916381836,0.04419253394007683,10.140999794006348,0.0017887247959151864,0.8858000040054321,0.03221428021788597,15.352200508117676,0.08177376538515091,5.0,area
603,MICH,University of Michigan Herbarium ,1937.0,,,42.290835,-83.72564,,1209710,1209710,9/2/37,,9.0,2026_dataset,0.8234771656028725,37.63399887084961,,10.300000190734863,,22.610000610351562,,16.450000762939453,,10.220999717712402,,1.2680000066757202,,15.031999588012695,,1.0,point
604,MICH,University of Michigan Herbarium ,1937.0,,,42.3385,-84.23809,,1209673,1209673,9/18/37,,9.0,2026_dataset,11.132,44.86000061035156,,9.510000228881836,,23.020000457763672,,16.270000457763672,,10.335000038146973,,0.7289999723434448,,15.592000007629395,,1.0,point
605,IND,Indiana University Deam Herbarium,1938.0,,,41.088954,-85.472263,M,59164,IND-0088745,9/18/38,18.0,9.0,2026_dataset,0.1113199999999999,69.40599822998047,,12.380000114440918,,24.68000030517578,,18.530000686645508,,13.166999816894531,,0.824999988079071,,16.350000381469727,,1.0,point
606,MICH,University of Michigan Herbarium ,1939.0,,,42.759,-84.7542,,1209669,1209669,8/6/39,,8.0,2026_dataset,111.32,102.35800170898438,,15.130001068115234,,27.71000099182129,,21.420000076293945,,15.321000099182129,,1.25600004196167,,20.06100082397461,,1.0,point
607,BRIT,Botanical Research Institute of Texas,1942.0,,,32.849606,-96.723675,M,,BRIT336473,4/25/42,,4.0,2026_dataset,0.1113199999999999,344.4110107421875,,13.760000228881836,,23.600000381469727,,18.68000030517578,,13.024999618530273,,1.4110000133514404,,14.052000045776367,,1.0,point
608,BRIT,Botanical Research Institute of Texas,1943.0,,,32.446128,-99.747907,F,,BRIT336472,10/27/43,,10.0,2026_dataset,0.1113199999999999,25.75,,9.780000686645508,,26.07000160217285,,17.93000030517578,,6.025000095367432,,2.811000108718872,,24.812999725341797,,1.0,point
609,BRIT,Botanical Research Institute of Texas,1946.0,,,32.572098,-96.554862,F,,BRIT336460,10/28/46,,10.0,2026_dataset,0.1113199999999999,41.391998291015625,,13.890000343322754,,26.690000534057617,,20.290000915527344,,13.005999565124512,,1.6139999628067017,,19.55699920654297,,1.0,point
610,BRIT,Botanical Research Institute of Texas,1946.0,,,33.35295,-96.967601,F,24461,,10/19/46,,10.0,2026_dataset,1.1132000000000002,36.75899887084961,,13.080000877380371,,26.970001220703125,,20.030000686645508,,12.35099983215332,,1.5529999732971191,,21.209999084472656,,1.0,point
611,BRIT,Botanical Research Institute of Texas,1946.0,,,33.35295,-96.967601,F,,BRIT336480,10/19/46,,10.0,2026_dataset,1.1132000000000002,36.75899887084961,,13.080000877380371,,26.970001220703125,,20.030000686645508,,12.35099983215332,,1.5529999732971191,,21.209999084472656,,1.0,point
612,BRIT,Botanical Research Institute of Texas,1948.0,,,32.846689,-96.782357,M,,BRIT336477,9/18/48,,9.0,2026_dataset,0.1113199999999999,10.003000259399414,,18.310001373291016,,32.18000030517578,,25.250001907348633,,14.907999992370605,,4.315999984741211,,31.690000534057617,,1.0,point
613,MICH,University of Michigan Herbarium ,1949.0,,,42.01601,-83.19723,,1209693,1209693,7/16/49,,7.0,2026_dataset,1.1132000000000002,74.61599731445312,,19.260000228881836,,30.21000099182129,,24.740001678466797,,19.033000946044922,,1.656000018119812,,21.238000869750977,,1.0,point
614,MICH,University of Michigan Herbarium ,1949.0,,,42.01601,-83.19723,,1209694,1209694,8/14/49,,8.0,2026_dataset,1.1132000000000002,73.51399993896484,,16.610000610351562,,28.400001525878906,,22.510000228881836,,16.725000381469727,,1.1619999408721924,,19.952999114990234,,1.0,point
615,OKLA,Oklahoma Biological Survey/Robert Bebb Herbarium,1913.0,,,36.688118,-98.664827,staminate,1702,OKLA020039079,7/12/13,,,2026_dataset,0.1113199999999999,,,,,,,,,,,,,,,,
616,OKLA,Oklahoma Biological Survey/Robert Bebb Herbarium,1933.0,,,36.152513,-97.051715,staminate,293,OKLA020039056,7/1/33,,,2026_dataset,0.1113199999999999,,,,,,,,,,,,,,,,
617,OKLA,Oklahoma Biological Survey/Robert Bebb Herbarium,1936.0,,,34.428958,-97.147598,staminate,22,OKLA020039048,7/18/36,,,2026_dataset,0.1113199999999999,,,,,,,,,,,,,,,,
618,OKLA,Oklahoma Biological Survey/Robert Bebb Herbarium,1941.0,,,35.47231,-97.572249,pistillate,3560,OKLA020039052,9/1/41,,,2026_dataset,1.1132000000000002,,,,,,,,,,,,,,,,
619,OKLA,Oklahoma Biological Survey/Robert Bebb Herbarium,1950.0,,,,-95.123646,staminate,1836,OKLA020039066,8/25/50,,,2026_dataset,111320.0,,,,,,,,,,,,,,,,
620,OKLA,Oklahoma Biological Survey/Robert Bebb Herbarium,1951.0,,,35.969808,-97.084192,staminate,1102,OKLA020039059,9/24/51,,,2026_dataset,0.1113199999999999,,,,,,,,,,,,,,,,
621,OKLA,Oklahoma Biological Survey/Robert Bebb Herbarium,1952.0,,,36.094615,-94.906787,staminate,1210-1,OKLA020039039,8/26/52,,,2026_dataset,0.1113199999999999,,,,,,,,,,,,,,,,
622,OKLA,Oklahoma Biological Survey/Robert Bebb Herbarium,1954.0,,,36.109171,-97.808563,pistillate,11998,OKLA020039044,7/23/54,,,2026_dataset,0.1113199999999999,,,,,,,,,,,,,,,,
623,OKLA,Oklahoma Biological Survey/Robert Bebb Herbarium,1957.0,,,35.828071,-95.250222,pistillate,5380,OKLA020039038,9/7/57,,,2026_dataset,0.1113199999999999,,,,,,,,,,,,,,,,
624,OKLA,Oklahoma Biological Survey/Robert Bebb Herbarium,1957.0,,,36.960129,-94.786243,pistillate,5854,,9/28/57,,,2026_dataset,0.1113199999999999,,,,,,,,,,,,,,,,
625,OKLA,Oklahoma Biological Survey/Robert Bebb Herbarium,1957.0,,,36.871768,-94.766601,pistillate,5915,OKLA020039055,9/28/57,,,2026_dataset,0.1113199999999999,,,,,,,,,,,,,,,,
626,OKLA,Oklahoma Biological Survey/Robert Bebb Herbarium,1972.0,,,36.713226,-95.832073,staminate,790,OKLA020039074,9/1/72,,,2026_dataset,0.1113199999999999,,,,,,,,,,,,,,,,
627,OKLA,Oklahoma Biological Survey/Robert Bebb Herbarium,1978.0,,,36.1113,-95.2878,pistillate,178,OKLA020039045,9/30/78,,,2026_dataset,11.132,,,,,,,,,,,,,,,,
628,OKLA,Oklahoma Biological Survey/Robert Bebb Herbarium,1980.0,,,36.123,-97.0962,staminate,469,,6/3/80,,,2026_dataset,111.32,,,,,,,,,,,,,,,,
629,OKLA,Oklahoma Biological Survey/Robert Bebb Herbarium,1985.0,,,36.37,-99.6323,staminate,1023,,7/3/85,,,2026_dataset,1113.2,,,,,,,,,,,,,,,,
630,OKLA,Oklahoma Biological Survey/Robert Bebb Herbarium,1996.0,,,36.1808,-96.2423,pistillate,127,OKLA020039054,7/3/96,,,2026_dataset,11.132,,,,,,,,,,,,,,,,
631,OKLA,Oklahoma Biological Survey/Robert Bebb Herbarium,2002.0,,,36.9775,-97.093,pistillate,345,,9/21/02,,,2026_dataset,88.93040662400038,,,,,,,,,,,,,,,,
632,OKLA,Oklahoma Biological Survey/Robert Bebb Herbarium,2002.0,,,36.8469,-96.4305,pistillate,2511,OKLA020039053,9/30/02,,,2026_dataset,11.132,,,,,,,,,,,,,,,,
HB0900,INHS,,1876.0,Illinois,Nat,40.900098,-90.991298,,,,,,,2022_dataset,0.1113199999999999,,,,,,,,,,,,,,,,
HB0901,INHS,,1870.0,Illinois,Nat,41.154318,-87.919365,,,,,,,2022_dataset,0.1113199999999999,,,,,,,,,,,,,,,,
HB0902,INHS,,1875.0,Illinois,Nat,40.900098,-90.991298,,,,,,,2022_dataset,0.1113199999999999,,,,,,,,,,,,,,,,
HB0903,INHS,,1897.0,Illinois,Nat,41.823199,-88.174393,,,,,,,2022_dataset,0.1113199999999999,,,,,,,,,,,,,,,,
HB0904,INHS,,1892.0,Illinois,Dist,41.779452,-87.61641,,,,,,,2022_dataset,0.8301299273660082,,,,,,,,,,,,,,,,
HB0907,INHS,,1897.0,Illinois,Dist,41.818787,-87.706608,,,,,,,2022_dataset,0.1113199999999999,,,,,,,,,,,,,,,,
HB0908,INHS,,1952.0,Illinois,Dist,40.114645,-87.875056,,,,,,,2022_dataset,0.1113199999999999,,,,,,,,,,,,,,,,
HB0909,INHS,,1946.0,Illinois,Ag,41.782572,-90.138152,,,,,,,2022_dataset,0.1113199999999999,,,,,,,,,,,,,,,,
HB0910,INHS,,1948.0,Illinois,Dist,42.481444,-88.157622,,,,,,,2022_dataset,0.1113199999999999,,,,,,,,,,,,,,,,
HB0911,INHS,,1947.0,Illinois,Ag,39.127901,-89.860508,,,,,,,2022_dataset,0.1113199999999999,,,,,,,,,,,,,,,,
HB0912,INHS,,2005.0,Illinois,Ag,41.457917,-88.308444,,,,,,,2022_dataset,0.1113199999999999,,,,,,,,,,,,,,,,
HB0913,INHS,,2000.0,Illinois,Ag,39.959059,-90.611708,,,,,,,2022_dataset,0.1113199999999999,,,,,,,,,,,,,,,,
HB0914,MBDH,,1895.0,Ohio,Ag,41.67333333,-84.32694444,,,,,,,2022_dataset,0.0011132,,,,,,,,,,,,,,,,
HB0915,MBDH,,1903.0,Ontario,,41.772246,-82.79184,,,,,,,2022_dataset,0.8302232015168243,,,,,,,,,,,,,,,,
HB0916,MBDH,,1955.0,Ohio,Dist,39.82083333,-84.01944444,,,,,,,2022_dataset,0.0011132,,,,,,,,,,,,,,,,
HB0917,MBDH,,1956.0,Ohio,Ag,40.67861111,-84.51861111,,,,,,,2022_dataset,0.0011132,,,,,,,,,,,,,,,,
HB0918,MBDH,,1991.0,Ohio,Nat,41.03944444,-84.15694444,,,,,,,2022_dataset,0.0011132,,,,,,,,,,,,,,,,
HB0919,IUH,,1898.0,Indiana,Dist,41.602259,-87.25837,,,,,,,2022_dataset,0.83241969389294,,,,,,,,,,,,,,,,
HB0920,IUH,,1941.0,Indiana,Ag,37.870283,-87.634147,,,,,,,2022_dataset,0.1113199999999999,,,,,,,,,,,,,,,,
HB0921,IUH,,1941.0,Indiana,Ag,37.979365,-87.544518,,,,,,,2022_dataset,0.1113199999999999,,,,,,,,,,,,,,,,
HB0922,IUH,,1952.0,Indiana,Ag,39.482726,-86.019624,,,,,,,2022_dataset,0.1113199999999999,,,,,,,,,,,,,,,,
HB0923,IUH,,2007.0,Indiana,Ag,39.43257,-87.380135,,,,,,,2022_dataset,1.1132000000000002,,,,,,,,,,,,,,,,
HB0924,KUMH,,1897.0,Missouri,Nat,39.15556,-94.39333,,,,,,,2022_dataset,1.1132000000000002,,,,,,,,,,,,,,,,
HB0925,KUMH,,1913.0,Kansas,Ag,39.813187,-95.160615,,,,,,,2022_dataset,0.1113199999999999,,,,,,,,,,,,,,,,
HB0926,KUMH,,1913.0,Kansas,Ag,39.813187,-95.160615,,,,,,,2022_dataset,0.1113199999999999,,,,,,,,,,,,,,,,
HB0927,KUMH,,1949.0,Kansas,Nat,39.000784,-95.626093,,,,,,,2022_dataset,0.1113199999999999,,,,,,,,,,,,,,,,
HB0928,KUMH,,1940.0,Kansas,Ag,38.9365,-95.22391,,,,,,,2022_dataset,11.132,,,,,,,,,,,,,,,,
HB0929,KUMH,,1970.0,Kansas,Ag,37.09524,-96.07752,,,,,,,2022_dataset,1.1132000000000002,,,,,,,,,,,,,,,,
HB0930,KUMH,,1973.0,Kansas,Ag,37.79382,-95.16832,,,,,,,2022_dataset,1.1132000000000002,,,,,,,,,,,,,,,,
HB0931,KUMH,,1981.0,Kansas,Ag,39.70289,-95.30739,,,,,,,2022_dataset,1.1132000000000002,,,,,,,,,,,,,,,,
HB0932,KUMH,,1994.0,Kansas,Ag,37.29416,-95.210223,,,,,,,2022_dataset,1.1132000000000002,,,,,,,,,,,,,,,,
HB0933,ROM,,1891.0,Ontario,Dist,43.892294,-81.312444,,,,,,,2022_dataset,0.1113199999999999,,,,,,,,,,,,,,,,
HB0934,ROM,,1889.0,Ontario,Nat,43.89161,-81.312795,,,,,,,2022_dataset,1.1132000000000002,,,,,,,,,,,,,,,,
HB0935,ROM,,1880.0,Ontario,Ag,42.954827,-81.234897,,,,,,,2022_dataset,0.1113199999999999,,,,,,,,,,,,,,,,
HB0936,ROM,,1891.0,Ontario,Nat,45.319337,-75.093578,,,,,,,2022_dataset,0.1113199999999999,,,,,,,,,,,,,,,,
HB0937,ROM,,1880.0,Ontario,Nat,43.04267,-81.175264,,,,,,,2022_dataset,1.1132000000000002,,,,,,,,,,,,,,,,
HB0938,ROM,,1940.0,Ontario,Ag,43.04956,-80.523938,,,,,,,2022_dataset,1.1132000000000002,,,,,,,,,,,,,,,,
HB0939,ROM,,1960.0,Ontario,Dist,42.86879,-79.617923,,,,,,,2022_dataset,1.1132000000000002,,,,,,,,,,,,,,,,
HB0940,ROM,,1950.0,Ontario,Nat,42.48877,-82.413605,,,,,,,2022_dataset,1.1132000000000002,,,,,,,,,,,,,,,,
HB0941,ROM,,1960.0,Ontario,Nat,44.828922,-75.554629,,,,,,,2022_dataset,0.1113199999999999,,,,,,,,,,,,,,,,
HB0942,ROM,,1986.0,Ontario,Nat,42.568369,-82.504545,,,,,,,2022_dataset,0.1113199999999999,,,,,,,,,,,,,,,,
HB0943,ROM,,1991.0,Ontario,Nat,43.174444,-79.375015,,,,,,,2022_dataset,0.1113199999999999,,,,,,,,,,,,,,,,
HB0944,ROM,,1985.0,Ontario,Dist,45.274525,-76.088545,,,,,,,2022_dataset,0.1113199999999999,,,,,,,,,,,,,,,,
HB0945,ROM,,1988.0,Ontario,Nat,44.485637,-79.99545,,,,,,,2022_dataset,0.7941859699484196,,,,,,,,,,,,,,,,
HB0947,ROM,,1997.0,Ontario,Nat,43.997787,-77.729332,,,,,,,2022_dataset,0.1113199999999999,,,,,,,,,,,,,,,,
HB0948,ROM,,1990.0,Ontario,Nat,43.89161,-81.312795,,,,,,,2022_dataset,1.1132000000000002,,,,,,,,,,,,,,,,
HB0949,ROM,,1880.0,Ontario,Nat,43.083152,-81.166767,,,,,,,2022_dataset,0.1113199999999999,,,,,,,,,,,,,,,,
HB0950,UMH,,2001.0,Michigan,Ag,41.766065,-84.227971,,,,,,,2022_dataset,0.1113199999999999,,,,,,,,,,,,,,,,
HB0951,UMH,,1909.0,Michigan,Ag,42.979577,-82.470627,,,,,,,2022_dataset,0.1113199999999999,,,,,,,,,,,,,,,,
HB0952,UMH,,1897.0,Illinois,Nat,41.829751,-88.177826,,,,,,,2022_dataset,0.1113199999999999,,,,,,,,,,,,,,,,
HB0953,UMH,,1883.0,Ohio,,39.136053,-84.502294,,,,,,,2022_dataset,0.1113199999999999,,,,,,,,,,,,,,,,
HB0954,UMH,,1833.0,Ohio,Nat,39.14757,-84.753428,,,,,,,2022_dataset,1.1132000000000002,,,,,,,,,,,,,,,,
HB0955,UMH,,1932.0,Ontario,Ag,45.966667,-81.933333,,,,,,,2022_dataset,0.1113199999999999,,,,,,,,,,,,,,,,
HB0956,UMH,,1986.0,Ontario,Nat,42.05088,-83.056715,,,,,,,2022_dataset,1.1132000000000002,,,,,,,,,,,,,,,,
HB0957,UMH,,1946.0,Illinois,Nat,39.578464,-89.730027,,,,,,,2022_dataset,0.1113199999999999,,,,,,,,,,,,,,,,
HB0958,UMH,,1989.0,Ontario,Dist,45.559302,-75.064719,,,,,,,2022_dataset,0.1113199999999999,,,,,,,,,,,,,,,,
HB0959,UMH,,1882.0,Illinois,Nat,41.826723,-87.82569,,,,,,,2022_dataset,0.8295177280685094,,,,,,,,,,,,,,,,
HB0961,UMH,,1949.0,Illinois,Dist,40.061911,-88.105443,,,,,,,2022_dataset,0.1113199999999999,,,,,,,,,,,,,,,,
HB0962,UMH,,1993.0,Ontario,Nat,42.917996,-81.441417,,,,,,,2022_dataset,0.1113199999999999,,,,,,,,,,,,,,,,
HB0963,UMH,,1995.0,Ontario,Dist,43.06736,-79.084574,,,,,,,2022_dataset,1.1132000000000002,,,,,,,,,,,,,,,,
HB0964,MO,,1877.0,Illinois,Nat,38.55,-89.916667,,,,,,,2022_dataset,1113.2,,,,,,,,,,,,,,,,
HB0965,MO,,1889.0,Missouri,,38.62975,-90.242434,,,,,,,2022_dataset,1.1132000000000002,,,,,,,,,,,,,,,,
HB0966,MO,,1893.0,Illinois,Nat,38.509011,-90.177817,,,,,,,2022_dataset,0.1113199999999999,,,,,,,,,,,,,,,,
HB0967,MO,,1897.0,Illinois,Nat,41.829751,-88.177826,,,,,,,2022_dataset,0.1113199999999999,,,,,,,,,,,,,,,,
HB0968,MO,,1902.0,Illinois,Nat,38.625,-90.16,,,,,,,2022_dataset,869.6854730907372,,,,,,,,,,,,,,,,
HB0969,MO,,1912.0,Missouri,Ag,38.603097,-90.257021,,,,,,,2022_dataset,0.1113199999999999,,,,,,,,,,,,,,,,
HB0960,MO,,1919.0,Illinois,Nat,37.364829,-88.482798,,,,,,,2022_dataset,0.1113199999999999,,,,,,,,,,,,,,,,
HB0970,MO,,1925.0,Illinois,Nat,42.370872,-88.121862,,,,,,,2022_dataset,0.1113199999999999,,,,,,,,,,,,,,,,
HB0971,MO,,1927.0,Missouri,Nat,38.595548,-90.767735,,,,,,,2022_dataset,0.1113199999999999,,,,,,,,,,,,,,,,
HB0972,MO,,1927.0,Illinois,Dist,38.495758,-90.217877,,,,,,,2022_dataset,0.1113199999999999,,,,,,,,,,,,,,,,
HB0973,MO,,1930.0,Missouri,Ag,38.715451,-90.48898,,,,,,,2022_dataset,0.868587401541867,,,,,,,,,,,,,,,,
HB0974,MO,,1933.0,Missouri,Nat,38.572701,-90.229642,,,,,,,2022_dataset,0.1113199999999999,,,,,,,,,,,,,,,,
HB0975,MO,,1940.0,Illinois,Nat,40.119754,-88.498602,,,,,,,2022_dataset,0.1113199999999999,,,,,,,,,,,,,,,,
HB0976,MO,,1962.0,Illinois,Nat,40.720818,-89.597212,,,,,,,2022_dataset,0.1113199999999999,,,,,,,,,,,,,,,,
HB0977,MO,,1967.0,Ohio,Nat,41.542549,-83.689433,,,,,,,2022_dataset,0.1113199999999999,,,,,,,,,,,,,,,,
HB0978,MO,,2005.0,Illinois,Ag,38.779167,-89.640556,,,,,,,2022_dataset,0.1113199999999999,,,,,,,,,,,,,,,,
HB0979,MO,,2009.0,Missouri,Nat,38.665567,-90.70705,,,,,,,2022_dataset,0.86919325921128,,,,,,,,,,,,,,,,
HB0980,MO,,2009.0,Illinois,Nat,40.634567,-91.179467,,,,,,,2022_dataset,0.1113199999999999,,,,,,,,,,,,,,,,
HB0981,MO,,2010.0,Missouri,Nat,38.911389,-91.592778,,,,,,,2022_dataset,0.1113199999999999,,,,,,,,,,,,,,,,
HB0982,MO,,2011.0,Illinois,Dist,37.923333,-89.893333,,,,,,,2022_dataset,0.1113199999999999,,,,,,,,,,,,,,,,
HB0983,MO,,1919.0,Missouri,Ag,37.204167,-94.344167,,,,,,,2022_dataset,0.1113199999999999,,,,,,,,,,,,,,,,
HB0984,AAFC,,1892.0,Ontario,,45.289379,-75.737232,,,,,,,2022_dataset,0.1113199999999999,,,,,,,,,,,,,,,,
HB0985,AAFC,,1955.0,Ontario,Dist,45.19477,-75.78076,,,,,,,2022_dataset,1.1132000000000002,,,,,,,,,,,,,,,,
HB0986,AAFC,,1954.0,Ontario,Nat,45.457179,-75.676253,,,,,,,2022_dataset,0.1113199999999999,,,,,,,,,,,,,,,,
HB0987,AAFC,,1921.0,Ontario,Nat,47.387012,-77.283366,,,,,,,2022_dataset,0.1113199999999999,,,,,,,,,,,,,,,,
HB0988,AAFC,,1951.0,Ontario,Nat,43.035303,-79.897787,,,,,,,2022_dataset,0.1113199999999999,,,,,,,,,,,,,,,,
HB0989,AAFC,,1988.0,Ontario,Nat,41.93464,-82.505179,,,,,,,2022_dataset,1.1132000000000002,,,,,,,,,,,,,,,,
HB0990,AAFC,,1998.0,Ontario,Nat,41.683999,-82.682764,,,,,,,2022_dataset,0.1113199999999999,,,,,,,,,,,,,,,,
HB0991,AAFC,,1964.0,Ontario,Nat,45.13414,-74.575361,,,,,,,2022_dataset,1.1132000000000002,,,,,,,,,,,,,,,,
HB0992,AAFC,,1949.0,Ontario,Nat,45.046655,-76.230997,,,,,,,2022_dataset,0.1113199999999999,,,,,,,,,,,,,,,,
HB0993,AAFC,,1960.0,Ontario,Dist,42.957915,-82.393943,,,,,,,2022_dataset,0.1113199999999999,,,,,,,,,,,,,,,,
HB0994,AAFC,,1937.0,Ontario,Nat,44.486839,-77.458612,,,,,,,2022_dataset,0.1113199999999999,,,,,,,,,,,,,,,,
HB0995,AAFC,,1960.0,Ontario,Nat,44.951292,-75.483802,,,,,,,2022_dataset,0.1113199999999999,,,,,,,,,,,,,,,,
HB0997,AAFC,,1988.0,Ontario,Nat,42.847407,-79.555433,,,,,,,2022_dataset,0.1113199999999999,,,,,,,,,,,,,,,,
HB0998,AAFC,,1958.0,Ontario,Dist,44.988422,-74.996022,,,,,,,2022_dataset,0.1113199999999999,,,,,,,,,,,,,,,,
HB0999,AAFC,,1938.0,Ontario,Nat,41.683999,-82.682764,,,,,,,2022_dataset,0.1113199999999999,,,,,,,,,,,,,,,,
HB1000,AAFC,,1934.0,Ontario,Dist,42.468738,-82.407807,,,,,,,2022_dataset,0.1113199999999999,,,,,,,,,,,,,,,,
HB1001,AAFC,,1939.0,Ontario,Nat,43.352835,-80.316045,,,,,,,2022_dataset,0.1113199999999999,,,,,,,,,,,,,,,,
HB1002,AAFC,,1918.0,Ontario,,42.77177,-81.197887,,,,,,,2022_dataset,1.1132000000000002,,,,,,,,,,,,,,,,
HB1003,AAFC,,1961.0,Ontario,Ag,43.455939,-80.290772,,,,,,,2022_dataset,0.1113199999999999,,,,,,,,,,,,,,,,
HB1004,AAFC,,1828.0,Ontario,Nat,42.959472,-81.309866,,,,,,,2022_dataset,0.1113199999999999,,,,,,,,,,,,,,,,
HB1005,AAFC,,1828.0,Ontario,Nat,42.980389,-81.344198,,,,,,,2022_dataset,0.1113199999999999,,,,,,,,,,,,,,,,
HB1006,AAFC,,1961.0,Ontario,Ag,43.455939,-80.290772,,,,,,,2022_dataset,0.1113199999999999,,,,,,,,,,,,,,,,
HB1007,AAFC,,1966.0,Ontario,Nat,43.030996,-81.349254,,,,,,,2022_dataset,0.1113199999999999,,,,,,,,,,,,,,,,
HB1008,AAFC,,1828.0,Ontario,,42.950068,-81.435938,,,,,,,2022_dataset,0.1113199999999999,,,,,,,,,,,,,,,,
HB1009,AAFC,,1903.0,Ontario,Nat,43.892294,-81.312444,,,,,,,2022_dataset,0.1113199999999999,,,,,,,,,,,,,,,,
HB1010,INHS,,1906.0,Illinois,Dist,41.640523,-87.626446,,,,,,,2022_dataset,0.1113199999999999,,,,,,,,,,,,,,,,
HB1011,INHS,,1894.0,Illinois,Dist,41.864251,-88.103346,,,,,,,2022_dataset,0.1113199999999999,,,,,,,,,,,,,,,,
